date,time,vehicle_id,reason,value_current,value_temp
2025-12-25,13:49:57,nandi_1,High Current,127.9,29.3
2025-12-25,13:50:58,nandi_1,High Current,83.30000000000001,30.700000000000003
2025-12-25,13:52:05,nandi_1,High Current,80.7,32.9
2025-12-25,13:53:09,nandi_1,High Current,90.4,34.800000000000004
2025-12-25,13:53:26,nandi_2,High Current,80.60000000000001,58.1
2025-12-25,13:54:11,nandi_1,High Current,102.7,36.7
2025-12-25,13:54:33,nandi_2,High Current,84.10000000000001,59.400000000000006
2025-12-25,13:55:11,nandi_1,High Current,91.60000000000001,38.400000000000006
2025-12-25,13:56:11,nandi_1,High Current,83.10000000000001,40.2
2025-12-25,13:56:22,nandi_2,High Current,93.4,60.7
2025-12-25,13:57:11,nandi_1,High Current,94.10000000000001,41.900000000000006
2025-12-25,13:58:10,nandi_2,High Current,80.9,60.0
2025-12-25,13:58:16,nandi_1,High Current,112.4,43.400000000000006
2025-12-25,13:59:10,nandi_2,High Current,108.10000000000001,61.0
2025-12-25,13:59:16,nandi_1,High Current,92.10000000000001,46.800000000000004
2025-12-25,14:00:10,nandi_2,High Current,82.9,63.300000000000004
2025-12-25,14:00:22,nandi_1,High Current,89.4,47.900000000000006
2025-12-25,14:01:10,nandi_2,High Current,102.30000000000001,65.3
2025-12-25,14:01:27,nandi_1,High Current,90.80000000000001,49.2
2025-12-25,14:02:13,nandi_2,High Current,90.5,67.5
2025-12-25,14:02:27,nandi_1,High Current,89.5,50.6
2025-12-25,14:03:17,nandi_2,High Current,88.30000000000001,69.4
2025-12-25,14:03:33,nandi_1,High Current,81.2,52.0
2025-12-25,14:04:21,nandi_2,High Current,83.30000000000001,71.10000000000001
2025-12-25,14:04:35,nandi_1,High Current,109.10000000000001,53.0
2025-12-25,14:05:23,nandi_2,High Current,90.9,73.0
2025-12-25,14:06:23,nandi_2,High Current,85.9,74.3
2025-12-25,14:07:23,nandi_2,High Current,88.80000000000001,75.9
2025-12-25,14:08:30,nandi_2,High Current,86.5,77.2
2025-12-25,14:09:37,nandi_2,High Current,83.4,78.9
2025-12-25,14:10:39,nandi_2,Overheat,67.10000000000001,80.30000000000001
2025-12-25,14:11:41,nandi_2,Overheat,54.1,81.80000000000001
2025-12-25,14:12:41,nandi_2,High Current & Overheat,83.7,83.10000000000001
2025-12-25,14:13:41,nandi_2,Overheat,77.2,84.10000000000001
2025-12-25,14:14:44,nandi_2,High Current & Overheat,88.4,85.10000000000001
2025-12-25,14:15:44,nandi_2,Overheat,75.0,86.2
2025-12-25,14:16:45,nandi_2,High Current & Overheat,93.7,87.10000000000001
2025-12-25,14:17:08,nandi_1,Overheat,67.3,87.10000000000001
2025-12-25,14:18:09,nandi_1,Overheat,17.400000000000002,87.7
2025-12-25,14:28:34,nandi_2,Overheat,75.8,89.60000000000001
2025-12-25,14:31:00,nandi_2,Overheat,51.5,90.9
2025-12-25,14:32:01,nandi_2,Overheat,24.1,91.10000000000001
2025-12-25,14:33:03,nandi_2,Overheat,68.8,91.0
2025-12-25,14:34:03,nandi_2,Overheat,36.5,90.9
2025-12-25,14:35:03,nandi_2,Overheat,37.7,90.60000000000001
2025-12-25,14:36:03,nandi_2,Overheat,3.1,90.10000000000001
2025-12-25,15:18:40,nandi_1,High Current,82.9,44.800000000000004
2025-12-25,15:19:45,nandi_1,High Current,87.0,47.0
2025-12-25,15:21:15,nandi_1,High Current,81.80000000000001,49.900000000000006
2025-12-25,15:24:04,nandi_1,High Current,81.10000000000001,53.400000000000006
2025-12-25,15:25:46,nandi_1,High Current,83.9,54.900000000000006
2025-12-25,15:26:49,nandi_1,High Current,80.60000000000001,55.7
2025-12-25,15:27:51,nandi_1,High Current,84.9,57.1
2025-12-25,15:29:04,nandi_1,High Current,86.30000000000001,59.0
2025-12-25,15:30:44,nandi_1,High Current,80.7,61.2
2025-12-25,15:31:50,nandi_1,High Current,81.4,62.6
2025-12-25,15:32:56,nandi_1,High Current,92.4,64.3
2025-12-25,15:34:00,nandi_1,High Current,80.9,65.9
2025-12-25,15:35:20,nandi_1,High Current,80.9,67.9
2025-12-25,15:36:25,nandi_1,High Current,80.80000000000001,69.5
2025-12-25,15:39:36,nandi_1,High Current,102.10000000000001,70.5
2025-12-25,15:41:56,nandi_1,High Current,83.10000000000001,72.60000000000001
2025-12-25,15:44:09,nandi_1,High Current,88.5,74.5
2025-12-25,15:45:18,nandi_1,High Current,93.2,74.2
2025-12-25,15:46:47,nandi_1,High Current,83.60000000000001,74.7
2025-12-25,15:48:07,nandi_1,High Current,81.30000000000001,75.9
2025-12-25,15:49:11,nandi_1,High Current,84.60000000000001,76.80000000000001
2025-12-25,15:50:13,nandi_1,High Current,80.60000000000001,78.5
2025-12-25,15:52:53,nandi_1,High Current,84.4,77.60000000000001
2025-12-25,15:59:35,nandi_1,High Current,93.7,71.4
2025-12-25,16:02:15,nandi_1,High Current,82.30000000000001,72.2
2025-12-25,16:03:19,nandi_1,High Current,107.4,72.60000000000001
2025-12-25,16:04:19,nandi_1,High Current,85.10000000000001,74.2
2025-12-25,16:05:26,nandi_1,High Current,97.10000000000001,75.3
2025-12-25,16:22:09,nandi_1,High Current,83.9,65.60000000000001
2025-12-25,16:23:21,nandi_1,High Current,80.60000000000001,66.7
2025-12-25,16:25:04,nandi_1,High Current,92.5,66.8
2025-12-25,16:26:06,nandi_1,High Current,80.9,68.60000000000001
2025-12-25,16:27:06,nandi_1,High Current,81.80000000000001,70.3
2025-12-25,16:28:07,nandi_1,High Current,84.30000000000001,71.9
2025-12-25,16:29:17,nandi_1,High Current,82.2,73.2
2025-12-25,16:30:24,nandi_1,High Current,81.10000000000001,74.8
2025-12-25,16:31:31,nandi_1,High Current,90.7,75.8
2025-12-25,16:33:28,nandi_1,High Current,82.80000000000001,78.5
2025-12-25,16:34:30,nandi_1,High Current,85.0,79.60000000000001
2025-12-25,16:35:30,nandi_1,Overheat,66.2,81.2
2025-12-25,16:36:31,nandi_1,Overheat,64.3,82.5
2025-12-25,16:37:32,nandi_1,Overheat,72.0,83.60000000000001
2025-12-25,16:38:37,nandi_1,High Current & Overheat,81.10000000000001,84.80000000000001
2025-12-25,16:39:37,nandi_1,Overheat,65.0,85.80000000000001
2025-12-25,16:40:42,nandi_1,Overheat,55.800000000000004,86.7
2025-12-25,16:41:52,nandi_1,Overheat,57.5,87.7
2025-12-25,16:42:53,nandi_1,Overheat,72.9,89.10000000000001
2025-12-25,16:43:58,nandi_1,Overheat,69.0,90.2
2025-12-25,16:44:58,nandi_1,Overheat,58.6,91.10000000000001
2025-12-25,16:45:59,nandi_1,High Current & Overheat,83.10000000000001,91.4
2025-12-25,16:47:07,nandi_1,Overheat,77.7,92.30000000000001
2025-12-25,16:48:09,nandi_1,Overheat,58.5,92.9
2025-12-25,16:49:10,nandi_1,Overheat,69.7,92.7
2025-12-25,16:50:12,nandi_1,Overheat,72.3,93.10000000000001
2025-12-25,16:51:13,nandi_1,Overheat,77.2,93.60000000000001
2025-12-25,16:57:54,nandi_1,Overheat,3.0,86.30000000000001
2025-12-25,16:58:54,nandi_1,Overheat,56.6,86.4
2025-12-25,16:59:54,nandi_1,Overheat,34.2,87.2
2025-12-25,17:00:56,nandi_1,Overheat,64.0,87.80000000000001
2025-12-25,17:01:58,nandi_1,Overheat,63.300000000000004,89.10000000000001
2025-12-25,17:03:05,nandi_1,Overheat,22.400000000000002,89.80000000000001
2025-12-25,17:04:05,nandi_1,Overheat,67.60000000000001,90.10000000000001
2025-12-25,17:05:05,nandi_1,High Current & Overheat,82.4,91.4
2025-12-25,17:06:05,nandi_1,Overheat,50.400000000000006,92.30000000000001
2025-12-25,17:07:05,nandi_1,Overheat,67.9,92.80000000000001
2025-12-25,17:08:05,nandi_1,Overheat,19.8,93.2
2025-12-25,17:09:07,nandi_1,Overheat,74.7,93.30000000000001
2025-12-25,17:10:08,nandi_1,Overheat,67.7,94.2
2025-12-25,17:11:08,nandi_1,Overheat,66.2,95.10000000000001
2025-12-25,17:12:10,nandi_1,Overheat,48.6,95.0
2025-12-25,17:13:11,nandi_1,Overheat,71.3,95.10000000000001
2025-12-25,17:14:12,nandi_1,Overheat,46.1,95.60000000000001
2025-12-25,17:15:13,nandi_1,Overheat,53.400000000000006,95.4
2025-12-25,17:16:13,nandi_1,Overheat,19.700000000000003,95.80000000000001
2025-12-25,17:17:15,nandi_1,Overheat,16.900000000000002,95.5
2025-12-25,17:18:15,nandi_1,Overheat,41.400000000000006,95.10000000000001
2025-12-25,17:19:15,nandi_1,Overheat,47.7,95.4
2025-12-25,17:25:08,nandi_1,Overheat,0.2,89.4
2025-12-25,17:26:08,nandi_1,Overheat,11.200000000000001,89.5
2025-12-25,17:27:08,nandi_1,High Current & Overheat,80.60000000000001,91.60000000000001
2025-12-25,17:28:09,nandi_1,Overheat,73.4,93.4
2025-12-25,17:29:09,nandi_1,Overheat,53.7,94.0
2025-12-25,17:30:11,nandi_1,High Current & Overheat,84.30000000000001,94.2
2025-12-25,17:31:12,nandi_1,Overheat,22.700000000000003,95.10000000000001
2025-12-25,17:32:15,nandi_1,Overheat,40.2,94.4
2025-12-25,17:33:15,nandi_1,Overheat,65.2,93.7
2025-12-25,17:34:17,nandi_1,Overheat,38.0,93.5
2025-12-25,17:48:03,nandi_1,Overheat,0.4,80.4
2025-12-25,17:49:05,nandi_1,Overheat,60.2,80.60000000000001
2025-12-25,17:50:06,nandi_1,Overheat,72.7,82.9
2025-12-25,17:51:08,nandi_1,Overheat,76.80000000000001,85.0
2025-12-25,17:52:10,nandi_1,Overheat,63.900000000000006,86.9
2025-12-25,17:53:11,nandi_1,Overheat,75.3,88.10000000000001
2025-12-25,17:54:13,nandi_1,Overheat,68.10000000000001,89.5
2025-12-25,17:55:14,nandi_1,Overheat,77.0,90.5
2025-12-25,17:56:15,nandi_1,Overheat,72.7,91.4
2025-12-25,17:57:15,nandi_1,Overheat,63.300000000000004,92.2
2025-12-25,17:58:17,nandi_1,Overheat,56.5,92.80000000000001
2025-12-25,17:59:18,nandi_1,Overheat,60.400000000000006,93.2
2025-12-25,18:00:19,nandi_1,Overheat,65.2,94.2
2025-12-25,18:01:20,nandi_1,Overheat,72.0,95.4
2025-12-25,18:02:21,nandi_1,Overheat,67.60000000000001,96.30000000000001
2025-12-25,18:03:22,nandi_1,Overheat,37.9,95.80000000000001
2025-12-25,18:04:25,nandi_1,Overheat,74.0,95.80000000000001
2025-12-25,18:05:26,nandi_1,High Current & Overheat,82.9,96.80000000000001
2025-12-25,18:06:27,nandi_1,Overheat,62.800000000000004,96.5
2025-12-25,18:07:27,nandi_1,Overheat,60.400000000000006,96.7
2025-12-25,18:08:28,nandi_1,Overheat,69.9,96.7
2025-12-25,18:09:29,nandi_1,High Current & Overheat,99.2,97.10000000000001
2025-12-25,18:10:33,nandi_1,Overheat,60.400000000000006,97.7
2025-12-25,18:11:34,nandi_1,Overheat,38.6,98.0
2025-12-25,18:12:35,nandi_1,Overheat,67.5,98.30000000000001
2025-12-25,18:13:36,nandi_1,Overheat,44.5,98.80000000000001
2025-12-25,18:14:36,nandi_1,Overheat,36.6,98.2
2025-12-25,18:15:38,nandi_1,Overheat,37.7,98.30000000000001
2025-12-25,18:24:18,nandi_1,Overheat,2.9000000000000004,86.7
2025-12-25,18:25:19,nandi_1,Overheat,74.5,87.60000000000001
2025-12-25,18:26:20,nandi_1,Overheat,38.7,88.4
2025-12-25,18:27:21,nandi_1,Overheat,17.900000000000002,88.9
2025-12-25,18:28:22,nandi_1,Overheat,22.700000000000003,89.9
2025-12-25,18:29:24,nandi_1,High Current & Overheat,90.9,91.30000000000001
2025-12-25,18:30:28,nandi_1,High Current & Overheat,84.7,92.4
2025-12-25,18:31:30,nandi_1,Overheat,79.10000000000001,92.9
2025-12-25,18:32:31,nandi_1,Overheat,70.2,93.60000000000001
2025-12-25,18:33:33,nandi_1,Overheat,14.4,94.10000000000001
2025-12-25,18:34:36,nandi_1,Overheat,40.6,92.9
2025-12-25,18:37:03,nandi_1,Overheat,0.4,88.7
2025-12-25,18:38:09,nandi_1,Overheat,49.7,87.80000000000001
2025-12-25,18:39:09,nandi_1,Overheat,34.1,87.60000000000001
2025-12-26,12:15:23,nandi_1,High Current,80.60000000000001,67.8
2025-12-26,12:16:30,nandi_1,High Current,89.30000000000001,68.3
2025-12-26,12:17:37,nandi_1,High Current,83.9,69.0
2025-12-26,12:18:37,nandi_1,High Current,99.9,69.3
2025-12-26,12:19:37,nandi_1,High Current,91.7,71.2
2025-12-26,12:20:47,nandi_1,High Current,107.4,73.3
2025-12-26,12:21:48,nandi_1,High Current,85.9,74.4
2025-12-26,12:22:48,nandi_1,High Current,101.10000000000001,76.10000000000001
2025-12-26,12:23:49,nandi_1,High Current,92.10000000000001,77.80000000000001
2025-12-26,12:26:46,nandi_1,High Current,119.7,78.9
2025-12-26,12:27:47,nandi_1,High Current,81.2,79.80000000000001
2025-12-26,12:28:47,nandi_1,High Current & Overheat,118.2,81.2
2025-12-26,12:29:47,nandi_1,Overheat,22.700000000000003,82.80000000000001
2025-12-26,12:30:47,nandi_1,High Current & Overheat,94.30000000000001,83.7
2025-12-26,12:31:48,nandi_1,Overheat,76.4,82.60000000000001
2025-12-26,12:32:48,nandi_1,High Current & Overheat,102.4,83.0
2025-12-26,12:33:48,nandi_1,High Current & Overheat,82.9,84.4
2025-12-26,12:34:48,nandi_1,High Current & Overheat,94.4,85.80000000000001
2025-12-26,12:35:49,nandi_2,Overheat,25.1,87.7
2025-12-26,12:35:51,nandi_1,Overheat,68.60000000000001,87.2
2025-12-26,12:36:50,nandi_2,Overheat,77.80000000000001,84.5
2025-12-26,12:36:52,nandi_1,Overheat,68.0,88.5
2025-12-26,12:37:52,nandi_1,Overheat,69.10000000000001,89.5
2025-12-26,12:37:56,nandi_2,Overheat,48.1,96.80000000000001
2025-12-26,12:38:54,nandi_1,Overheat,76.2,90.7
2025-12-26,12:39:55,nandi_1,Overheat,79.2,91.7
2025-12-26,12:40:33,nandi_2,Overheat,34.0,94.80000000000001
2025-12-26,12:40:56,nandi_1,High Current & Overheat,94.80000000000001,92.80000000000001
2025-12-26,12:41:34,nandi_2,Overheat,35.300000000000004,97.10000000000001
2025-12-26,12:41:56,nandi_1,High Current & Overheat,96.30000000000001,93.4
2025-12-26,12:42:35,nandi_2,Overheat,33.9,92.5
2025-12-26,12:42:57,nandi_1,Overheat,61.900000000000006,94.4
2025-12-26,12:43:35,nandi_2,Overheat,34.2,91.4
2025-12-26,12:43:58,nandi_1,High Current & Overheat,90.5,95.5
2025-12-26,12:44:35,nandi_2,Overheat,34.0,90.2
2025-12-26,12:44:58,nandi_1,Overheat,70.9,96.5
2025-12-26,12:45:58,nandi_1,Overheat,71.2,97.2
2025-12-26,12:46:51,nandi_2,Overheat,34.1,87.4
2025-12-26,12:46:59,nandi_1,Overheat,58.0,97.7
2025-12-26,12:47:51,nandi_2,Overheat,34.1,86.30000000000001
2025-12-26,12:47:59,nandi_1,Overheat,54.5,98.2
2025-12-26,12:48:52,nandi_2,Overheat,34.1,85.2
2025-12-26,12:48:59,nandi_1,High Current & Overheat,84.7,98.80000000000001
2025-12-26,12:49:58,nandi_2,Overheat,33.6,84.2
2025-12-26,12:50:00,nandi_1,Overheat,74.8,99.5
2025-12-26,12:50:59,nandi_2,Overheat,34.2,83.0
2025-12-26,12:51:01,nandi_1,Overheat,77.10000000000001,99.9
2025-12-26,12:52:00,nandi_2,Overheat,34.5,82.10000000000001
2025-12-26,12:52:04,nandi_1,Overheat,8.5,100.4
2025-12-26,12:53:01,nandi_2,Overheat,33.300000000000004,81.5
2025-12-26,12:53:06,nandi_1,Overheat,58.300000000000004,98.80000000000001
2025-12-26,12:54:01,nandi_2,Overheat,70.60000000000001,82.0
2025-12-26,12:54:07,nandi_1,Overheat,47.1,98.10000000000001
2025-12-26,12:55:01,nandi_2,Overheat,65.60000000000001,84.10000000000001
2025-12-26,12:55:07,nandi_1,High Current & Overheat,94.10000000000001,98.4
2025-12-26,12:56:01,nandi_2,High Current & Overheat,81.9,85.4
2025-12-26,12:56:08,nandi_1,Overheat,21.1,98.60000000000001
2025-12-26,12:57:01,nandi_2,High Current & Overheat,87.10000000000001,86.5
2025-12-26,12:57:08,nandi_1,High Current & Overheat,103.0,96.5
2025-12-26,12:58:02,nandi_2,Overheat,58.300000000000004,87.80000000000001
2025-12-26,12:58:08,nandi_1,Overheat,50.7,97.4
2025-12-26,12:59:02,nandi_2,Overheat,67.5,89.4
2025-12-26,12:59:08,nandi_1,Overheat,7.1000000000000005,97.4
2025-12-26,13:00:03,nandi_2,Overheat,67.7,90.60000000000001
2025-12-26,13:00:09,nandi_1,Overheat,38.7,95.30000000000001
2025-12-26,13:01:04,nandi_2,High Current & Overheat,93.2,92.0
2025-12-26,13:01:09,nandi_1,Overheat,38.400000000000006,94.10000000000001
2025-12-26,13:02:05,nandi_2,High Current & Overheat,99.10000000000001,93.2
2025-12-26,13:02:10,nandi_1,Overheat,25.8,93.4
2025-12-26,13:03:06,nandi_2,High Current & Overheat,84.60000000000001,94.5
2025-12-26,13:03:11,nandi_1,Overheat,25.6,91.7
2025-12-26,13:04:07,nandi_2,Overheat,61.300000000000004,95.30000000000001
2025-12-26,13:04:13,nandi_1,Overheat,25.200000000000003,89.80000000000001
2025-12-26,13:05:08,nandi_2,Overheat,76.2,95.9
2025-12-26,13:05:18,nandi_1,Overheat,25.400000000000002,88.10000000000001
2025-12-26,13:06:08,nandi_2,Overheat,65.3,96.7
2025-12-26,13:06:19,nandi_1,Overheat,47.5,87.5
2025-12-26,13:07:08,nandi_2,High Current & Overheat,80.10000000000001,97.60000000000001
2025-12-26,13:07:19,nandi_1,Overheat,51.0,87.9
2025-12-26,13:08:19,nandi_1,Overheat,39.6,88.4
2025-12-26,13:08:30,nandi_2,Overheat,57.0,98.2
2025-12-26,13:09:19,nandi_1,High Current & Overheat,92.4,89.4
2025-12-26,13:09:34,nandi_2,Overheat,60.2,99.2
2025-12-26,13:10:19,nandi_1,Overheat,57.5,91.60000000000001
2025-12-26,13:10:36,nandi_2,Overheat,73.7,100.0
2025-12-26,13:11:20,nandi_1,High Current & Overheat,91.10000000000001,92.9
2025-12-26,13:11:36,nandi_2,Overheat,66.5,100.5
2025-12-26,13:12:21,nandi_1,Overheat,45.1,93.80000000000001
2025-12-26,13:12:37,nandi_2,Overheat,76.7,101.2
2025-12-26,13:13:21,nandi_1,Overheat,63.900000000000006,93.5
2025-12-26,13:13:39,nandi_2,Overheat,55.300000000000004,101.9
2025-12-26,13:14:21,nandi_1,Overheat,41.7,92.9
2025-12-26,13:14:39,nandi_2,High Current & Overheat,93.4,102.5
2025-12-26,13:15:22,nandi_1,Overheat,26.1,92.7
2025-12-26,13:15:40,nandi_2,High Current & Overheat,84.5,103.10000000000001
2025-12-26,13:16:23,nandi_1,Overheat,42.6,91.80000000000001
2025-12-26,13:16:41,nandi_2,High Current & Overheat,80.7,103.4
2025-12-26,13:17:24,nandi_1,Overheat,43.0,91.0
2025-12-26,13:17:42,nandi_2,Overheat,61.1,103.4
2025-12-26,13:18:26,nandi_1,Overheat,43.2,90.30000000000001
2025-12-26,13:18:42,nandi_2,Overheat,75.5,104.0
2025-12-26,13:19:27,nandi_1,Overheat,43.300000000000004,89.60000000000001
2025-12-26,13:19:42,nandi_2,Overheat,10.9,104.60000000000001
2025-12-26,13:20:27,nandi_1,Overheat,43.1,88.9
2025-12-26,13:20:42,nandi_2,Overheat,73.5,104.4
2025-12-26,13:21:28,nandi_1,Overheat,43.2,88.10000000000001
2025-12-26,13:21:42,nandi_2,Overheat,73.5,104.0
2025-12-26,13:22:42,nandi_2,Overheat,73.60000000000001,103.7
2025-12-26,13:23:43,nandi_2,Overheat,73.60000000000001,103.5
2025-12-26,13:24:43,nandi_2,Overheat,73.60000000000001,103.2
2025-12-26,13:25:44,nandi_2,Overheat,73.60000000000001,102.60000000000001
2025-12-26,13:26:46,nandi_2,Overheat,73.5,101.80000000000001
2025-12-26,13:27:51,nandi_2,High Current & Overheat,96.5,100.9
2025-12-26,13:28:52,nandi_2,Overheat,76.4,100.60000000000001
2025-12-26,13:29:53,nandi_2,High Current & Overheat,86.4,100.4
2025-12-26,13:30:53,nandi_2,Overheat,76.7,100.9
2025-12-26,13:31:55,nandi_2,Overheat,66.10000000000001,101.7
2025-12-26,13:32:59,nandi_2,Overheat,73.2,102.10000000000001
2025-12-26,13:34:01,nandi_2,Overheat,75.3,102.7
2025-12-26,13:35:02,nandi_2,Overheat,74.3,103.30000000000001
2025-12-26,13:37:18,nandi_2,Overheat,73.10000000000001,103.5
2025-12-26,13:38:19,nandi_2,Overheat,70.10000000000001,105.4
2025-12-26,13:39:50,nandi_2,High Current & Overheat,89.0,106.10000000000001
2025-12-26,13:40:51,nandi_2,Overheat,62.5,106.9
2025-12-26,13:41:51,nandi_2,Overheat,58.6,107.30000000000001
2025-12-26,13:42:52,nandi_2,Overheat,62.300000000000004,108.2
2025-12-26,13:43:52,nandi_2,Overheat,78.0,108.9
2025-12-26,13:44:38,nandi_1,High Current,90.2,72.5
2025-12-26,13:44:52,nandi_2,High Current & Overheat,87.10000000000001,109.80000000000001
2025-12-26,13:45:52,nandi_2,Overheat,5.9,110.60000000000001
2025-12-26,13:46:26,nandi_1,High Current,83.30000000000001,74.5
2025-12-26,13:46:53,nandi_2,Overheat,37.1,110.4
2025-12-26,13:47:26,nandi_1,High Current,81.2,74.7
2025-12-26,13:47:53,nandi_2,Overheat,56.1,109.60000000000001
2025-12-26,13:48:53,nandi_2,Overheat,22.3,109.10000000000001
2025-12-26,13:49:24,nandi_1,High Current,86.7,76.5
2025-12-26,13:49:54,nandi_2,Overheat,71.3,108.7
2025-12-26,13:50:30,nandi_1,High Current,113.5,77.9
2025-12-26,13:50:55,nandi_2,High Current & Overheat,80.10000000000001,109.60000000000001
2025-12-26,13:51:30,nandi_1,High Current,81.2,79.7
2025-12-26,13:51:56,nandi_2,Overheat,68.0,110.30000000000001
2025-12-26,13:52:30,nandi_1,Overheat,62.5,80.5
2025-12-26,13:52:59,nandi_2,Overheat,63.6,111.0
2025-12-26,13:53:30,nandi_1,High Current & Overheat,86.60000000000001,80.9
2025-12-26,13:53:59,nandi_2,Overheat,75.7,111.30000000000001
2025-12-26,13:54:30,nandi_1,Overheat,77.4,81.9
2025-12-26,13:54:59,nandi_2,Overheat,78.4,111.80000000000001
2025-12-26,13:55:31,nandi_1,High Current & Overheat,82.7,83.30000000000001
2025-12-26,13:56:01,nandi_2,Overheat,73.2,112.2
2025-12-26,13:56:32,nandi_1,Overheat,63.300000000000004,84.4
2025-12-26,13:57:03,nandi_2,Overheat,49.6,112.5
2025-12-26,13:57:34,nandi_1,High Current & Overheat,82.4,85.2
2025-12-26,13:58:04,nandi_2,Overheat,68.8,112.4
2025-12-26,13:58:36,nandi_1,Overheat,72.4,84.9
2025-12-26,13:59:04,nandi_2,Overheat,60.400000000000006,112.5
2025-12-26,13:59:37,nandi_1,Overheat,60.1,85.60000000000001
2025-12-26,14:00:05,nandi_2,Overheat,63.300000000000004,112.80000000000001
2025-12-26,14:00:39,nandi_1,Overheat,66.2,86.60000000000001
2025-12-26,14:01:05,nandi_2,Overheat,55.300000000000004,112.4
2025-12-26,14:01:41,nandi_1,Overheat,70.2,87.60000000000001
2025-12-26,14:02:05,nandi_2,Overheat,51.400000000000006,112.0
2025-12-26,14:02:41,nandi_1,Overheat,69.2,88.4
2025-12-26,14:03:06,nandi_2,Overheat,71.2,112.10000000000001
2025-12-26,14:03:42,nandi_1,Overheat,78.5,89.5
2025-12-26,14:04:07,nandi_2,Overheat,18.3,112.30000000000001
2025-12-26,14:04:42,nandi_1,Overheat,59.7,90.7
2025-12-26,14:05:08,nandi_2,Overheat,69.0,111.4
2025-12-26,14:05:45,nandi_1,Overheat,74.4,91.60000000000001
2025-12-26,14:06:08,nandi_2,High Current & Overheat,92.2,111.0
2025-12-26,14:06:45,nandi_1,Overheat,73.4,92.4
2025-12-26,14:07:08,nandi_2,Overheat,54.300000000000004,111.4
2025-12-26,14:07:46,nandi_1,Overheat,72.4,93.0
2025-12-26,14:08:08,nandi_2,Overheat,63.7,111.80000000000001
2025-12-26,14:08:48,nandi_1,High Current & Overheat,86.80000000000001,93.7
2025-12-26,14:09:10,nandi_2,Overheat,10.200000000000001,111.7
2025-12-26,14:09:48,nandi_1,Overheat,42.300000000000004,93.7
2025-12-26,14:10:13,nandi_2,Overheat,11.9,110.80000000000001
2025-12-26,14:10:48,nandi_1,Overheat,64.5,93.60000000000001
2025-12-26,14:11:49,nandi_1,Overheat,63.900000000000006,94.4
2025-12-26,14:12:49,nandi_1,Overheat,40.5,94.9
2025-12-26,14:13:49,nandi_1,Overheat,34.300000000000004,94.4
2025-12-26,14:14:50,nandi_1,Overheat,34.300000000000004,93.60000000000001
2025-12-26,14:24:09,nandi_1,Overheat,0.4,80.60000000000001
2025-12-26,14:25:09,nandi_1,Overheat,11.8,80.30000000000001
2025-12-26,14:26:09,nandi_1,Overheat,22.3,80.30000000000001
2025-12-26,14:27:10,nandi_1,Overheat,31.200000000000003,80.10000000000001
2025-12-26,14:28:10,nandi_1,Overheat,22.8,80.9
2025-12-26,14:29:10,nandi_1,Overheat,36.4,81.9
2025-12-26,14:30:11,nandi_1,Overheat,60.1,82.60000000000001
2025-12-26,14:31:11,nandi_1,Overheat,31.8,83.80000000000001
2025-12-26,14:32:12,nandi_1,Overheat,31.3,84.7
2025-12-26,14:33:12,nandi_1,High Current & Overheat,109.30000000000001,85.60000000000001
2025-12-26,14:34:12,nandi_1,High Current & Overheat,104.4,86.7
2025-12-26,14:35:12,nandi_1,High Current & Overheat,84.60000000000001,87.9
2025-12-26,14:36:15,nandi_1,High Current & Overheat,87.0,88.5
2025-12-26,14:37:15,nandi_1,Overheat,53.800000000000004,89.0
2025-12-26,14:38:15,nandi_1,Overheat,29.0,89.0
2025-12-26,14:39:15,nandi_1,Overheat,26.1,89.4
2025-12-26,14:42:13,nandi_1,Overheat,0.4,84.9
2025-12-26,14:43:13,nandi_1,Overheat,34.5,84.10000000000001
2025-12-26,14:46:49,nandi_1,Overheat,0.4,80.4
2025-12-26,14:47:49,nandi_1,Overheat,66.4,80.5
2025-12-26,14:48:49,nandi_1,Overheat,29.5,80.30000000000001
2025-12-26,14:56:40,nandi_2,High Current,80.60000000000001,70.0
2025-12-26,15:14:08,nandi_2,High Current,82.5,62.900000000000006
2025-12-26,15:15:32,nandi_2,High Current,82.5,63.800000000000004
2025-12-26,15:16:33,nandi_2,High Current,103.7,65.60000000000001
2025-12-26,15:17:33,nandi_2,High Current,91.80000000000001,67.5
2025-12-26,15:18:34,nandi_2,High Current,88.7,69.10000000000001
2025-12-26,15:19:40,nandi_2,High Current,83.5,70.9
2025-12-26,15:21:31,nandi_2,High Current,88.4,72.60000000000001
2025-12-26,15:22:32,nandi_2,High Current,80.4,73.2
2025-12-26,15:25:56,nandi_2,High Current,100.60000000000001,73.10000000000001
2025-12-26,15:27:56,nandi_2,High Current,110.10000000000001,74.10000000000001
2025-12-26,15:29:21,nandi_2,High Current,85.0,75.0
2025-12-26,15:30:56,nandi_2,High Current,107.4,75.4
2025-12-26,15:32:57,nandi_2,High Current,80.7,75.5
2025-12-26,15:33:59,nandi_2,High Current,81.7,75.4
2025-12-26,15:35:01,nandi_2,High Current,80.7,76.60000000000001
2025-12-26,15:36:07,nandi_2,High Current,82.60000000000001,78.4
2025-12-26,15:37:07,nandi_2,Overheat,64.7,80.60000000000001
2025-12-26,15:38:09,nandi_2,Overheat,71.8,82.0
2025-12-26,15:39:10,nandi_2,High Current & Overheat,98.10000000000001,83.2
2025-12-26,15:40:11,nandi_2,Overheat,75.8,84.30000000000001
2025-12-26,15:41:11,nandi_2,Overheat,76.80000000000001,85.5
2025-12-26,15:42:12,nandi_2,Overheat,67.3,86.7
2025-12-26,15:43:12,nandi_2,Overheat,70.2,88.0
2025-12-26,15:44:12,nandi_2,Overheat,61.300000000000004,88.9
2025-12-26,15:45:13,nandi_2,Overheat,72.8,89.60000000000001
2025-12-26,15:46:13,nandi_2,High Current & Overheat,97.5,90.4
2025-12-26,15:47:13,nandi_2,Overheat,78.30000000000001,91.5
2025-12-26,15:48:14,nandi_2,Overheat,79.0,91.60000000000001
2025-12-26,15:49:15,nandi_2,Overheat,54.6,91.9
2025-12-26,15:50:15,nandi_2,Overheat,51.5,92.0
2025-12-26,15:51:17,nandi_2,High Current & Overheat,84.5,92.10000000000001
2025-12-26,15:52:18,nandi_2,Overheat,68.3,91.60000000000001
2025-12-26,15:53:19,nandi_2,Overheat,66.5,92.0
2025-12-26,15:54:21,nandi_2,Overheat,12.200000000000001,92.0
2025-12-26,15:55:22,nandi_2,Overheat,46.2,91.0
2025-12-26,15:56:22,nandi_2,Overheat,31.1,90.7
2025-12-26,15:57:22,nandi_2,Overheat,41.300000000000004,90.60000000000001
2025-12-26,15:58:22,nandi_2,Overheat,48.0,90.5
2025-12-26,15:59:27,nandi_2,Overheat,34.800000000000004,90.60000000000001
2025-12-26,16:00:30,nandi_2,Overheat,30.400000000000002,90.5
2025-12-26,16:01:31,nandi_2,Overheat,40.1,90.60000000000001
2025-12-26,16:02:32,nandi_2,Overheat,26.200000000000003,90.4
2025-12-26,16:03:32,nandi_2,Overheat,41.6,90.4
2025-12-26,16:04:34,nandi_2,Overheat,19.5,90.60000000000001
2025-12-26,16:05:34,nandi_2,Overheat,37.5,90.80000000000001
2025-12-26,16:06:35,nandi_2,Overheat,36.800000000000004,91.0
2025-12-26,16:07:35,nandi_2,Overheat,36.300000000000004,90.9
2025-12-26,16:08:35,nandi_2,Overheat,41.800000000000004,90.80000000000001
2025-12-26,16:09:35,nandi_2,Overheat,33.1,90.7
2025-12-26,16:10:35,nandi_2,Overheat,28.900000000000002,90.5
2025-12-26,16:11:35,nandi_2,Overheat,37.300000000000004,90.60000000000001
2025-12-26,16:12:41,nandi_2,Overheat,33.5,90.5
2025-12-26,16:13:42,nandi_2,Overheat,48.5,90.30000000000001
2025-12-26,16:14:44,nandi_2,Overheat,33.1,90.10000000000001
2025-12-26,16:15:46,nandi_2,Overheat,39.300000000000004,89.5
2025-12-26,16:16:47,nandi_2,Overheat,40.2,88.5
2025-12-27,11:41:55,nandi_1,Overheat,67.60000000000001,94.4
2025-12-27,11:42:58,nandi_1,Overheat,57.800000000000004,95.10000000000001
2025-12-27,11:43:58,nandi_1,Overheat,76.2,95.60000000000001
2025-12-27,11:44:58,nandi_1,Overheat,69.9,96.5
2025-12-27,11:45:58,nandi_1,Overheat,17.3,97.5
2025-12-27,11:46:59,nandi_1,Overheat,66.5,97.7
2025-12-27,11:47:59,nandi_1,High Current & Overheat,83.30000000000001,98.10000000000001
2025-12-27,11:48:59,nandi_1,Overheat,66.3,98.9
2025-12-27,11:49:59,nandi_1,Overheat,72.8,99.5
2025-12-27,11:50:59,nandi_1,Overheat,30.8,99.80000000000001
2025-12-27,11:51:59,nandi_1,Overheat,61.7,100.10000000000001
2025-12-27,11:52:59,nandi_1,Overheat,61.5,100.4
2025-12-27,11:53:59,nandi_1,Overheat,46.1,100.80000000000001
2025-12-27,11:54:59,nandi_1,Overheat,6.7,99.4
2025-12-27,11:55:59,nandi_1,Overheat,49.300000000000004,99.0
2025-12-27,11:57:00,nandi_1,Overheat,71.8,99.30000000000001
2025-12-27,11:58:00,nandi_1,Overheat,46.800000000000004,98.9
2025-12-27,11:59:00,nandi_1,Overheat,65.4,98.9
2025-12-27,12:00:03,nandi_1,Overheat,53.6,98.4
2025-12-27,12:01:03,nandi_1,Overheat,56.900000000000006,98.5
2025-12-27,12:02:03,nandi_1,Overheat,52.7,98.7
2025-12-27,12:03:03,nandi_1,Overheat,62.400000000000006,98.5
2025-12-27,12:06:01,nandi_1,Overheat,2.7,94.7
2025-12-27,12:07:02,nandi_1,Overheat,18.8,95.0
2025-12-27,12:08:02,nandi_1,High Current & Overheat,84.9,96.4
2025-12-27,12:09:02,nandi_1,Overheat,3.3000000000000003,96.30000000000001
2025-12-27,12:10:02,nandi_1,Overheat,3.3000000000000003,95.10000000000001
2025-12-27,12:11:03,nandi_1,High Current & Overheat,135.70000000000002,95.2
2025-12-27,12:12:03,nandi_1,Overheat,3.2,94.5
2025-12-27,12:13:03,nandi_1,High Current & Overheat,80.10000000000001,93.80000000000001
2025-12-27,12:14:03,nandi_1,Overheat,58.5,95.5
2025-12-27,12:15:03,nandi_1,Overheat,24.200000000000003,96.80000000000001
2025-12-27,12:16:03,nandi_1,High Current & Overheat,87.2,97.80000000000001
2025-12-27,12:17:03,nandi_1,Overheat,37.800000000000004,99.30000000000001
2025-12-27,12:18:03,nandi_1,Overheat,58.300000000000004,100.10000000000001
2025-12-27,12:19:04,nandi_1,Overheat,14.4,99.30000000000001
2025-12-27,12:20:04,nandi_1,Overheat,47.0,97.7
2025-12-27,12:21:04,nandi_1,Overheat,34.800000000000004,96.80000000000001
2025-12-27,12:22:04,nandi_1,Overheat,51.900000000000006,96.4
2025-12-27,12:23:04,nandi_1,Overheat,20.5,95.2
2025-12-27,12:24:04,nandi_1,Overheat,20.700000000000003,94.10000000000001
2025-12-27,12:25:11,nandi_1,Overheat,10.3,92.60000000000001
2025-12-27,12:26:11,nandi_1,Overheat,62.7,94.2
2025-12-27,12:27:11,nandi_1,Overheat,52.5,96.5
2025-12-27,12:28:12,nandi_1,Overheat,18.6,96.9
2025-12-27,12:29:12,nandi_1,Overheat,58.1,95.5
2025-12-27,12:30:13,nandi_1,Overheat,46.0,95.80000000000001
2025-12-27,12:31:13,nandi_1,Overheat,75.5,95.7
2025-12-27,12:32:14,nandi_1,Overheat,30.1,95.60000000000001
2025-12-27,12:33:14,nandi_1,Overheat,28.700000000000003,94.80000000000001
2025-12-27,12:46:03,nandi_1,Overheat,0.4,81.10000000000001
2025-12-27,12:47:03,nandi_1,Overheat,20.0,81.4
2025-12-27,12:48:03,nandi_1,Overheat,27.3,82.2
2025-12-27,12:49:03,nandi_1,Overheat,65.7,83.10000000000001
2025-12-27,12:50:04,nandi_1,Overheat,74.0,84.7
2025-12-27,12:51:04,nandi_1,Overheat,79.9,86.30000000000001
2025-12-27,12:52:04,nandi_1,Overheat,69.60000000000001,87.7
2025-12-27,12:53:04,nandi_1,Overheat,61.0,89.2
2025-12-27,12:54:04,nandi_1,High Current & Overheat,134.5,90.10000000000001
2025-12-27,12:54:27,nandi_1,Overheat,52.300000000000004,90.5
2025-12-27,12:55:07,nandi_1,Overheat,52.7,91.2
2025-12-27,12:56:07,nandi_1,High Current & Overheat,97.60000000000001,91.7
2025-12-27,12:57:07,nandi_1,Overheat,67.8,92.60000000000001
2025-12-27,12:58:07,nandi_1,Overheat,78.4,93.30000000000001
2025-12-27,12:59:07,nandi_1,High Current & Overheat,89.9,94.4
2025-12-27,12:59:41,nandi_1,Overheat,42.6,94.80000000000001
2025-12-27,13:00:41,nandi_1,Overheat,47.7,94.80000000000001
2025-12-27,13:01:42,nandi_1,Overheat,71.7,94.60000000000001
2025-12-27,13:02:42,nandi_1,Overheat,10.200000000000001,94.10000000000001
2025-12-27,13:03:42,nandi_1,Overheat,79.5,93.4
2025-12-27,13:04:42,nandi_1,Overheat,73.3,94.30000000000001
2025-12-27,13:05:42,nandi_1,Overheat,72.10000000000001,95.80000000000001
2025-12-27,13:06:42,nandi_1,Overheat,77.0,96.80000000000001
2025-12-27,13:07:42,nandi_1,Overheat,70.4,97.80000000000001
2025-12-27,13:08:42,nandi_1,Overheat,69.60000000000001,98.9
2025-12-27,13:09:43,nandi_1,Overheat,60.400000000000006,99.4
2025-12-27,13:10:43,nandi_1,High Current & Overheat,85.10000000000001,100.10000000000001
2025-12-27,13:11:43,nandi_1,Overheat,72.3,101.4
2025-12-27,13:12:43,nandi_1,Overheat,70.60000000000001,102.0
2025-12-27,13:13:43,nandi_1,Overheat,69.5,102.7
2025-12-27,13:14:43,nandi_1,Overheat,33.800000000000004,103.10000000000001
2025-12-27,13:15:43,nandi_1,Overheat,41.900000000000006,101.60000000000001
2025-12-27,13:25:09,nandi_1,Overheat,0.30000000000000004,89.80000000000001
2025-12-27,13:26:09,nandi_1,Overheat,43.800000000000004,91.0
2025-12-27,13:27:09,nandi_1,Overheat,63.2,92.10000000000001
2025-12-27,13:28:09,nandi_1,Overheat,65.4,93.2
2025-12-27,13:29:09,nandi_1,Overheat,70.60000000000001,94.0
2025-12-27,13:30:09,nandi_1,Overheat,68.9,95.5
2025-12-27,13:31:10,nandi_1,High Current & Overheat,86.10000000000001,96.2
2025-12-27,13:32:10,nandi_1,High Current & Overheat,85.9,97.7
2025-12-27,13:33:10,nandi_1,Overheat,63.7,99.2
2025-12-27,13:34:10,nandi_1,High Current & Overheat,87.0,100.30000000000001
2025-12-27,13:35:10,nandi_1,High Current & Overheat,82.4,101.60000000000001
2025-12-27,13:36:10,nandi_1,Overheat,66.10000000000001,102.60000000000001
2025-12-27,13:37:10,nandi_1,Overheat,59.900000000000006,103.0
2025-12-27,13:38:11,nandi_1,Overheat,65.7,103.9
2025-12-27,13:39:11,nandi_1,Overheat,78.2,104.9
2025-12-27,13:40:11,nandi_1,Overheat,73.3,106.30000000000001
2025-12-27,13:41:12,nandi_1,Overheat,73.5,107.2
2025-12-27,13:42:12,nandi_1,High Current & Overheat,88.10000000000001,108.10000000000001
2025-12-27,13:43:12,nandi_1,Overheat,62.400000000000006,108.30000000000001
2025-12-27,13:44:12,nandi_1,Overheat,78.4,108.4
2025-12-27,13:45:12,nandi_1,Overheat,79.2,109.5
2025-12-27,13:46:12,nandi_1,Overheat,60.300000000000004,110.4
2025-12-27,13:47:12,nandi_1,Overheat,72.10000000000001,111.4
2025-12-27,13:48:12,nandi_1,Overheat,78.30000000000001,112.0
2025-12-27,13:49:12,nandi_1,Overheat,57.800000000000004,112.7
2025-12-27,13:50:13,nandi_1,Overheat,69.4,112.80000000000001
2025-12-27,13:51:13,nandi_1,Overheat,74.2,113.10000000000001
2025-12-27,13:52:13,nandi_1,High Current & Overheat,88.30000000000001,113.7
2025-12-27,13:53:13,nandi_1,Overheat,55.0,114.5
2025-12-27,13:54:13,nandi_1,High Current & Overheat,82.30000000000001,114.60000000000001
2025-12-27,13:55:13,nandi_1,Overheat,32.6,113.80000000000001
2025-12-27,13:56:13,nandi_1,High Current & Overheat,104.5,114.4
2025-12-27,13:57:13,nandi_1,Overheat,8.700000000000001,114.2
2025-12-27,13:58:13,nandi_1,Overheat,10.9,111.5
2025-12-27,13:59:13,nandi_1,Overheat,11.600000000000001,109.0
2025-12-27,14:00:13,nandi_1,High Current & Overheat,168.3,107.0
2025-12-27,14:01:14,nandi_1,Overheat,6.2,109.5
2025-12-27,14:02:14,nandi_1,High Current & Overheat,121.4,109.2
2025-12-27,14:03:14,nandi_1,High Current & Overheat,82.30000000000001,110.10000000000001
2025-12-27,14:04:14,nandi_1,High Current & Overheat,101.10000000000001,109.80000000000001
2025-12-27,14:05:14,nandi_1,Overheat,52.7,109.10000000000001
2025-12-27,14:06:14,nandi_1,High Current & Overheat,104.4,108.30000000000001
2025-12-27,14:07:14,nandi_1,Overheat,41.300000000000004,110.10000000000001
2025-12-27,14:08:14,nandi_1,Overheat,14.3,109.9
2025-12-27,14:09:14,nandi_1,High Current & Overheat,96.9,108.60000000000001
2025-12-27,14:10:14,nandi_1,Overheat,45.400000000000006,108.7
2025-12-27,14:11:14,nandi_1,High Current & Overheat,85.2,107.7
2025-12-27,14:12:14,nandi_1,High Current & Overheat,109.5,108.5
2025-12-27,14:13:15,nandi_1,Overheat,5.6000000000000005,108.9
2025-12-27,14:14:15,nandi_1,Overheat,22.3,108.4
2025-12-27,14:15:15,nandi_1,Overheat,63.7,109.10000000000001
2025-12-27,14:16:16,nandi_1,Overheat,46.0,109.80000000000001
2025-12-27,14:17:16,nandi_1,High Current & Overheat,81.4,109.9
2025-12-27,14:18:16,nandi_1,Overheat,74.0,108.80000000000001
2025-12-27,14:31:50,nandi_1,Overheat,0.4,92.9
2025-12-27,14:32:50,nandi_1,Overheat,3.2,92.80000000000001
2025-12-27,14:33:50,nandi_1,Overheat,2.9000000000000004,92.10000000000001
2025-12-27,14:34:51,nandi_1,Overheat,3.0,91.10000000000001
2025-12-27,16:19:18,nandi_1,High Current,166.60000000000002,48.1
2025-12-27,16:20:19,nandi_1,High Current,95.5,50.300000000000004
2025-12-27,16:21:20,nandi_1,High Current,127.5,52.300000000000004
2025-12-27,17:07:11,nandi_1,High Current,158.10000000000002,42.900000000000006
2025-12-27,17:08:11,nandi_1,High Current,86.5,44.7
2025-12-27,17:09:27,nandi_1,High Current,137.1,46.7
2025-12-27,17:11:10,nandi_1,High Current,135.70000000000002,47.2
2025-12-27,17:12:10,nandi_1,High Current,85.60000000000001,48.2
2025-12-27,17:13:15,nandi_1,High Current,106.7,50.5
2025-12-27,17:14:18,nandi_1,High Current,92.7,51.6
2025-12-27,17:15:18,nandi_1,High Current,98.60000000000001,52.1
2025-12-27,17:16:22,nandi_1,High Current,94.2,53.300000000000004
2025-12-27,17:17:22,nandi_1,High Current,91.10000000000001,54.400000000000006
2025-12-27,17:18:24,nandi_1,High Current,84.80000000000001,55.7
2025-12-27,17:19:26,nandi_1,High Current,94.60000000000001,56.800000000000004
2025-12-27,17:20:31,nandi_1,High Current,85.60000000000001,57.900000000000006
2025-12-27,17:21:35,nandi_1,High Current,85.9,58.800000000000004
2025-12-27,17:22:37,nandi_1,High Current,89.9,59.300000000000004
2025-12-27,17:23:37,nandi_1,High Current,87.2,60.5
2025-12-27,17:24:44,nandi_1,High Current,92.5,61.6
2025-12-27,17:25:45,nandi_1,High Current,92.30000000000001,62.6
2025-12-27,17:26:50,nandi_1,High Current,83.60000000000001,63.7
2025-12-27,17:27:50,nandi_1,High Current,85.0,64.7
2025-12-27,17:28:50,nandi_1,High Current,87.30000000000001,65.60000000000001
2025-12-27,17:30:11,nandi_1,High Current,82.9,66.9
2025-12-27,17:31:13,nandi_1,High Current,89.5,67.7
2025-12-27,17:32:15,nandi_1,High Current,85.60000000000001,68.8
2025-12-27,17:33:15,nandi_1,High Current,81.80000000000001,69.9
2025-12-27,17:34:33,nandi_1,High Current,134.4,71.10000000000001
2025-12-27,17:38:02,nandi_1,High Current,85.9,73.8
2025-12-27,17:41:01,nandi_1,High Current,82.0,76.0
2025-12-27,17:42:01,nandi_1,High Current,83.60000000000001,76.7
2025-12-29,10:40:51,nandi_1,High Current,82.10000000000001,67.8
2025-12-29,10:54:58,nandi_1,Overheat,57.300000000000004,86.10000000000001
2025-12-29,10:55:58,nandi_1,Overheat,76.7,86.60000000000001
2025-12-29,10:56:58,nandi_1,High Current & Overheat,91.0,87.80000000000001
2025-12-29,10:57:58,nandi_1,Overheat,72.9,89.60000000000001
2025-12-29,11:09:44,nandi_1,Overheat,76.7,99.30000000000001
2025-12-29,11:10:45,nandi_1,Overheat,66.9,99.9
2025-12-29,11:11:45,nandi_1,Overheat,68.7,100.60000000000001
2025-12-29,11:12:46,nandi_1,Overheat,64.60000000000001,101.4
2025-12-29,11:13:47,nandi_1,Overheat,52.2,102.30000000000001
2025-12-29,11:14:47,nandi_1,Overheat,65.60000000000001,101.60000000000001
2025-12-29,11:15:47,nandi_1,Overheat,41.800000000000004,102.10000000000001
2025-12-29,11:16:47,nandi_1,Overheat,64.60000000000001,102.9
2025-12-29,11:17:47,nandi_1,Overheat,59.1,103.7
2025-12-29,11:18:47,nandi_1,High Current & Overheat,89.10000000000001,104.2
2025-12-29,11:19:47,nandi_1,Overheat,62.6,105.2
2025-12-29,11:20:47,nandi_1,Overheat,39.0,105.80000000000001
2025-12-29,11:21:47,nandi_1,Overheat,21.700000000000003,105.7
2025-12-29,11:22:48,nandi_1,Overheat,67.2,103.9
2025-12-29,11:23:48,nandi_1,Overheat,63.6,104.2
2025-12-29,11:24:49,nandi_1,Overheat,70.2,105.0
2025-12-29,11:25:49,nandi_1,Overheat,66.10000000000001,105.7
2025-12-29,11:26:49,nandi_1,Overheat,67.4,106.60000000000001
2025-12-29,11:27:49,nandi_1,Overheat,55.800000000000004,106.80000000000001
2025-12-29,11:28:49,nandi_1,Overheat,63.5,106.9
2025-12-29,11:29:49,nandi_1,Overheat,58.7,106.5
2025-12-29,11:30:49,nandi_1,Overheat,51.0,106.30000000000001
2025-12-29,11:31:50,nandi_1,Overheat,29.5,105.9
2025-12-29,11:32:50,nandi_1,Overheat,31.0,105.10000000000001
2025-12-29,11:33:50,nandi_1,Overheat,46.5,104.80000000000001
2025-12-29,11:34:50,nandi_1,Overheat,41.6,104.5
2025-12-29,11:35:50,nandi_1,Overheat,39.5,104.4
2025-12-29,11:36:51,nandi_1,Overheat,48.300000000000004,103.7
2025-12-29,11:39:34,nandi_1,Overheat,0.2,99.7
2025-12-29,11:40:34,nandi_1,Overheat,58.300000000000004,100.9
2025-12-29,11:41:34,nandi_1,Overheat,27.5,102.7
2025-12-29,11:42:34,nandi_1,Overheat,59.300000000000004,103.9
2025-12-29,11:43:34,nandi_1,Overheat,63.900000000000006,105.0
2025-12-29,11:45:07,nandi_1,High Current & Overheat,108.7,105.7
2025-12-29,11:46:08,nandi_1,Overheat,69.5,106.5
2025-12-29,11:48:10,nandi_1,High Current & Overheat,95.7,106.5
2025-12-29,11:49:10,nandi_1,High Current & Overheat,109.4,105.7
2025-12-29,11:50:11,nandi_1,Overheat,69.8,108.0
2025-12-29,11:51:11,nandi_1,High Current & Overheat,87.5,107.80000000000001
2025-12-29,11:52:11,nandi_1,High Current & Overheat,125.80000000000001,107.9
2025-12-29,11:53:11,nandi_1,High Current & Overheat,103.80000000000001,108.7
2025-12-29,11:54:11,nandi_1,High Current & Overheat,87.2,109.30000000000001
2025-12-29,11:55:12,nandi_1,High Current & Overheat,111.10000000000001,109.30000000000001
2025-12-29,11:56:12,nandi_1,Overheat,42.2,109.80000000000001
2025-12-29,11:57:13,nandi_1,Overheat,55.1,110.10000000000001
2025-12-29,11:58:13,nandi_1,Overheat,78.10000000000001,110.0
2025-12-29,11:59:14,nandi_1,High Current & Overheat,112.0,109.80000000000001
2025-12-29,12:00:15,nandi_1,Overheat,71.60000000000001,109.7
2025-12-29,12:01:15,nandi_1,High Current & Overheat,84.10000000000001,111.2
2025-12-29,12:02:16,nandi_1,Overheat,73.9,113.30000000000001
2025-12-29,12:03:26,nandi_1,High Current & Overheat,81.5,113.9
2025-12-29,12:04:26,nandi_1,High Current & Overheat,87.5,114.80000000000001
2025-12-29,12:16:43,nandi_1,Overheat,13.200000000000001,93.30000000000001
2025-12-29,12:18:10,nandi_1,Overheat,49.0,94.30000000000001
2025-12-29,12:19:10,nandi_1,High Current & Overheat,105.7,96.80000000000001
2025-12-29,12:20:22,nandi_1,Overheat,67.60000000000001,98.7
2025-12-29,12:21:23,nandi_1,High Current & Overheat,84.4,99.9
2025-12-29,12:22:23,nandi_1,Overheat,77.7,101.10000000000001
2025-12-29,12:23:23,nandi_1,High Current & Overheat,100.80000000000001,102.7
2025-12-29,12:24:23,nandi_1,High Current & Overheat,90.60000000000001,104.2
2025-12-29,12:25:23,nandi_1,High Current & Overheat,86.9,105.5
2025-12-29,12:26:23,nandi_1,High Current & Overheat,88.10000000000001,106.5
2025-12-29,12:27:24,nandi_1,Overheat,63.2,107.4
2025-12-29,12:28:24,nandi_1,High Current & Overheat,80.2,108.10000000000001
2025-12-29,12:29:24,nandi_1,Overheat,65.60000000000001,108.9
2025-12-29,12:30:24,nandi_1,Overheat,57.0,109.9
2025-12-29,12:31:39,nandi_1,Overheat,73.7,110.60000000000001
2025-12-29,12:32:40,nandi_1,Overheat,71.2,111.60000000000001
2025-12-29,12:33:42,nandi_1,Overheat,64.0,111.80000000000001
2025-12-29,12:34:42,nandi_1,High Current & Overheat,80.30000000000001,112.80000000000001
2025-12-29,12:35:43,nandi_1,Overheat,69.10000000000001,113.60000000000001
2025-12-29,12:36:43,nandi_1,Overheat,66.7,114.7
2025-12-29,12:37:43,nandi_1,High Current & Overheat,105.2,115.4
2025-12-29,12:38:44,nandi_1,Overheat,78.2,115.60000000000001
2025-12-29,12:39:44,nandi_1,Overheat,62.7,116.5
2025-12-29,12:40:44,nandi_1,Overheat,56.1,117.0
2025-12-29,12:41:44,nandi_1,High Current & Overheat,92.10000000000001,117.7
2025-12-29,12:42:44,nandi_1,Overheat,46.6,118.4
2025-12-29,12:55:22,nandi_1,Overheat,0.4,98.60000000000001
2025-12-29,12:56:23,nandi_1,Overheat,50.0,100.2
2025-12-29,12:56:23,nandi_1,Overheat,50.0,100.2
2025-12-29,12:57:23,nandi_1,High Current & Overheat,101.5,101.60000000000001
2025-12-29,12:57:23,nandi_1,High Current & Overheat,101.5,101.60000000000001
2025-12-29,12:58:23,nandi_1,Overheat,75.4,102.9
2025-12-29,12:58:23,nandi_1,Overheat,75.4,102.9
2025-12-29,12:59:24,nandi_1,Overheat,62.800000000000004,103.9
2025-12-29,13:00:24,nandi_1,High Current & Overheat,100.5,105.0
2025-12-29,13:00:24,nandi_1,High Current & Overheat,100.5,105.0
2025-12-29,13:01:24,nandi_1,Overheat,73.4,106.30000000000001
2025-12-29,13:01:24,nandi_1,Overheat,73.4,106.30000000000001
2025-12-29,13:02:24,nandi_1,Overheat,71.7,107.7
2025-12-29,13:02:24,nandi_1,Overheat,71.7,107.7
2025-12-29,13:03:24,nandi_1,Overheat,28.1,108.4
2025-12-29,13:03:24,nandi_1,Overheat,28.1,108.4
2025-12-29,13:04:24,nandi_1,Overheat,59.800000000000004,108.0
2025-12-29,13:04:24,nandi_1,Overheat,59.800000000000004,108.0
2025-12-29,13:05:24,nandi_1,Overheat,53.800000000000004,107.9
2025-12-29,13:05:24,nandi_1,Overheat,53.800000000000004,107.9
2025-12-29,13:06:24,nandi_1,Overheat,73.10000000000001,108.30000000000001
2025-12-29,13:06:24,nandi_1,Overheat,73.10000000000001,108.30000000000001
2025-12-29,13:07:24,nandi_1,Overheat,79.5,109.0
2025-12-29,13:07:24,nandi_1,Overheat,79.5,109.0
2025-12-29,13:08:24,nandi_1,High Current & Overheat,90.30000000000001,109.60000000000001
2025-12-29,13:08:24,nandi_1,High Current & Overheat,90.30000000000001,109.60000000000001
2025-12-29,13:09:25,nandi_1,Overheat,51.6,110.7
2025-12-29,13:09:25,nandi_1,Overheat,51.6,110.7
2025-12-29,13:10:26,nandi_1,Overheat,70.8,111.5
2025-12-29,13:10:26,nandi_1,Overheat,70.8,111.5
2025-12-29,13:11:27,nandi_1,Overheat,70.0,112.30000000000001
2025-12-29,13:11:27,nandi_1,Overheat,70.0,112.30000000000001
2025-12-29,13:12:27,nandi_1,High Current & Overheat,90.0,113.4
2025-12-29,13:12:27,nandi_1,High Current & Overheat,90.0,113.4
2025-12-29,13:13:27,nandi_1,Overheat,61.1,114.30000000000001
2025-12-29,13:14:27,nandi_1,Overheat,49.6,114.9
2025-12-29,13:14:27,nandi_1,Overheat,49.6,114.9
2025-12-29,13:15:27,nandi_1,High Current & Overheat,85.7,115.7
2025-12-29,13:15:27,nandi_1,High Current & Overheat,85.7,115.7
2025-12-29,13:16:27,nandi_1,Overheat,79.7,116.4
2025-12-29,13:17:27,nandi_1,High Current & Overheat,84.2,116.80000000000001
2025-12-29,13:17:27,nandi_1,High Current & Overheat,84.2,116.80000000000001
2025-12-29,13:18:27,nandi_1,Overheat,71.7,117.7
2025-12-29,13:18:27,nandi_1,Overheat,71.7,117.7
2025-12-29,13:19:28,nandi_1,Overheat,65.7,118.0
2025-12-29,13:19:28,nandi_1,Overheat,65.7,118.0
2025-12-29,13:20:28,nandi_1,Overheat,51.6,118.5
2025-12-29,13:20:28,nandi_1,Overheat,51.6,118.5
2025-12-29,13:21:29,nandi_1,Overheat,65.9,119.0
2025-12-29,13:21:29,nandi_1,Overheat,65.9,119.0
2025-12-29,13:22:29,nandi_1,Overheat,70.10000000000001,119.5
2025-12-29,13:22:29,nandi_1,Overheat,70.10000000000001,119.5
2025-12-29,13:23:29,nandi_1,Overheat,47.5,119.9
2025-12-29,13:23:29,nandi_1,Overheat,47.5,119.9
2025-12-29,13:24:29,nandi_1,High Current & Overheat,83.60000000000001,119.80000000000001
2025-12-29,13:25:29,nandi_1,Overheat,79.60000000000001,120.10000000000001
2025-12-29,13:25:29,nandi_1,Overheat,79.60000000000001,120.10000000000001
2025-12-29,13:26:29,nandi_1,High Current & Overheat,93.9,120.60000000000001
2025-12-29,13:26:29,nandi_1,High Current & Overheat,93.9,120.60000000000001
2025-12-29,13:27:29,nandi_1,Overheat,76.3,120.5
2025-12-29,13:27:29,nandi_1,Overheat,76.3,120.5
2025-12-29,13:28:29,nandi_1,Overheat,29.400000000000002,119.10000000000001
2025-12-29,13:28:29,nandi_1,Overheat,29.400000000000002,119.10000000000001
2025-12-29,13:30:26,nandi_1,Overheat,3.1,115.30000000000001
2025-12-29,13:30:26,nandi_1,Overheat,3.1,115.30000000000001
2025-12-29,13:31:26,nandi_1,High Current & Overheat,119.2,116.4
2025-12-29,13:31:26,nandi_1,High Current & Overheat,119.2,116.4
2025-12-29,13:32:28,nandi_1,High Current & Overheat,89.0,119.0
2025-12-29,13:32:28,nandi_1,High Current & Overheat,89.0,119.0
2025-12-29,13:33:28,nandi_1,Overheat,77.2,119.7
2025-12-29,13:33:28,nandi_1,Overheat,77.2,119.7
2025-12-29,13:34:28,nandi_1,Overheat,68.9,119.7
2025-12-29,13:35:28,nandi_1,Overheat,53.2,119.5
2025-12-29,13:36:29,nandi_1,Overheat,76.10000000000001,119.60000000000001
2025-12-29,13:36:29,nandi_1,Overheat,76.10000000000001,119.60000000000001
2025-12-29,13:37:29,nandi_1,Overheat,76.9,119.7
2025-12-29,13:37:29,nandi_1,Overheat,76.9,119.7
2025-12-29,13:38:30,nandi_1,Overheat,11.9,119.5
2025-12-29,13:38:30,nandi_1,Overheat,11.9,119.5
2025-12-29,13:39:30,nandi_1,Overheat,47.1,119.80000000000001
2025-12-29,13:39:30,nandi_1,Overheat,47.1,119.80000000000001
2025-12-29,13:40:31,nandi_1,High Current & Overheat,117.60000000000001,120.80000000000001
2025-12-29,13:41:31,nandi_1,Overheat,66.5,120.9
2025-12-29,13:41:31,nandi_1,Overheat,66.5,120.9
2025-12-29,13:42:32,nandi_1,Overheat,51.900000000000006,121.10000000000001
2025-12-29,13:42:32,nandi_1,Overheat,51.900000000000006,121.10000000000001
2025-12-29,13:43:33,nandi_1,Overheat,17.3,120.7
2025-12-29,13:43:33,nandi_1,Overheat,17.3,120.7
2025-12-29,13:46:13,nandi_1,Overheat,0.2,113.9
2025-12-29,13:46:13,nandi_1,Overheat,0.2,113.9
2025-12-29,13:47:13,nandi_1,Overheat,8.1,114.0
2025-12-29,13:48:13,nandi_1,Overheat,6.6000000000000005,112.2
2025-12-29,13:48:13,nandi_1,Overheat,6.6000000000000005,112.2
2025-12-29,13:49:13,nandi_1,Overheat,6.800000000000001,110.7
2025-12-29,13:49:13,nandi_1,Overheat,6.800000000000001,110.7
2025-12-29,13:50:13,nandi_1,Overheat,6.7,109.5
2025-12-29,13:50:13,nandi_1,Overheat,6.7,109.5
2025-12-29,13:51:14,nandi_1,Overheat,44.400000000000006,108.60000000000001
2025-12-29,13:51:14,nandi_1,Overheat,44.400000000000006,108.60000000000001
2025-12-29,15:00:32,nandi_3,Overheat,73.9,117.5
2025-12-29,15:00:32,nandi_3,Overheat,73.9,117.5
2025-12-29,15:06:44,nandi_3,Overheat,73.9,117.5
2025-12-29,15:11:07,nandi_1,High Current,86.9,53.6
2025-12-29,15:14:12,nandi_1,High Current,113.0,55.0
2025-12-29,15:14:12,nandi_1,High Current,113.0,55.0
2025-12-29,15:15:14,nandi_1,High Current,83.30000000000001,56.6
2025-12-29,15:15:14,nandi_1,High Current,83.30000000000001,56.6
2025-12-29,15:16:14,nandi_1,High Current,115.10000000000001,59.6
2025-12-29,15:16:14,nandi_1,High Current,115.10000000000001,59.6
2025-12-29,15:17:14,nandi_1,High Current,106.60000000000001,61.6
2025-12-29,15:17:14,nandi_1,High Current,106.60000000000001,61.6
2025-12-29,15:18:14,nandi_1,High Current,117.9,62.7
2025-12-29,15:18:14,nandi_1,High Current,117.9,62.7
2025-12-29,15:19:18,nandi_1,High Current,124.0,63.7
2025-12-29,15:19:18,nandi_1,High Current,124.0,63.7
2025-12-29,15:21:13,nandi_1,High Current,108.5,63.400000000000006
2025-12-29,15:21:13,nandi_1,High Current,108.5,63.400000000000006
2025-12-29,15:22:13,nandi_1,High Current,93.4,64.60000000000001
2025-12-29,15:22:13,nandi_1,High Current,93.4,64.60000000000001
2025-12-29,15:23:13,nandi_1,High Current,99.80000000000001,66.4
2025-12-29,15:24:14,nandi_1,High Current,115.60000000000001,67.3
2025-12-29,15:25:17,nandi_1,High Current,80.4,68.3
2025-12-29,15:25:17,nandi_1,High Current,80.4,68.3
2025-12-29,15:26:20,nandi_1,High Current,82.4,69.10000000000001
2025-12-29,15:27:34,nandi_1,High Current,82.0,69.60000000000001
2025-12-29,15:28:34,nandi_1,High Current,87.80000000000001,71.0
2025-12-29,15:28:34,nandi_1,High Current,87.80000000000001,71.0
2025-12-29,15:29:35,nandi_1,High Current,96.4,72.0
2025-12-29,15:29:35,nandi_1,High Current,96.4,72.0
2025-12-29,15:30:35,nandi_1,High Current,83.30000000000001,72.5
2025-12-29,15:31:53,nandi_1,High Current,87.5,72.60000000000001
2025-12-29,15:31:53,nandi_1,High Current,87.5,72.60000000000001
2025-12-29,15:34:12,nandi_1,High Current,109.80000000000001,69.7
2025-12-29,15:34:12,nandi_1,High Current,109.80000000000001,69.7
2025-12-29,15:55:11,nandi_1,High Current,85.30000000000001,62.800000000000004
2025-12-29,15:56:14,nandi_1,High Current,88.2,63.7
2025-12-29,15:56:14,nandi_1,High Current,88.2,63.7
2025-12-29,15:59:54,nandi_1,High Current,83.7,64.0
2025-12-29,15:59:54,nandi_1,High Current,83.7,64.0
2025-12-29,16:00:54,nandi_1,High Current,81.0,65.5
2025-12-29,16:03:11,nandi_1,High Current,91.10000000000001,67.8
2025-12-29,16:03:11,nandi_1,High Current,91.10000000000001,67.8
2025-12-29,16:16:27,nandi_1,High Current,80.2,62.0
2025-12-29,16:16:27,nandi_1,High Current,80.2,62.0
2025-12-29,16:17:28,nandi_1,High Current,94.7,63.400000000000006
2025-12-29,16:17:28,nandi_1,High Current,94.7,63.400000000000006
2025-12-29,16:20:40,nandi_1,High Current,104.0,65.60000000000001
2025-12-29,16:22:27,nandi_1,High Current,93.30000000000001,67.60000000000001
2025-12-29,16:22:27,nandi_1,High Current,93.30000000000001,67.60000000000001
2025-12-29,16:24:54,nandi_1,High Current,83.2,69.8
2025-12-29,16:24:54,nandi_1,High Current,83.2,69.8
2025-12-29,16:26:50,nandi_1,High Current,87.4,71.10000000000001
2025-12-29,16:26:50,nandi_1,High Current,87.4,71.10000000000001
2025-12-29,16:29:12,nandi_1,High Current,104.2,72.60000000000001
2025-12-29,16:29:12,nandi_1,High Current,104.2,72.60000000000001
2025-12-29,16:31:14,nandi_1,High Current,82.10000000000001,74.3
2025-12-29,16:35:52,nandi_1,High Current,126.7,77.2
2025-12-29,16:36:56,nandi_1,High Current,86.30000000000001,77.9
2025-12-29,16:36:56,nandi_1,High Current,104.10000000000001,77.9
2025-12-29,16:51:52,nandi_1,High Current,94.60000000000001,70.3
2025-12-29,16:51:52,nandi_1,High Current,94.60000000000001,70.3
2025-12-29,16:54:13,nandi_1,High Current,89.80000000000001,72.7
2025-12-29,16:54:13,nandi_1,High Current,89.80000000000001,72.7
2025-12-29,16:55:32,nandi_1,High Current,83.5,73.10000000000001
2025-12-29,16:55:32,nandi_1,High Current,83.5,73.10000000000001
2025-12-29,16:56:33,nandi_1,High Current,93.2,74.0
2025-12-29,16:56:33,nandi_1,High Current,93.2,74.0
2025-12-29,16:57:33,nandi_1,High Current,104.80000000000001,75.0
2025-12-29,16:59:47,nandi_1,High Current,89.30000000000001,76.2
2025-12-29,17:00:53,nandi_1,High Current,85.0,77.4
2025-12-29,17:00:53,nandi_1,High Current,85.0,77.4
2025-12-29,17:02:24,nandi_1,High Current,94.30000000000001,78.7
2025-12-29,17:02:24,nandi_1,High Current,94.30000000000001,78.7
2025-12-29,17:04:18,nandi_1,Overheat,56.400000000000006,80.10000000000001
2025-12-29,17:04:18,nandi_1,Overheat,56.400000000000006,80.10000000000001
2025-12-29,17:05:18,nandi_1,Overheat,63.1,80.9
2025-12-29,17:05:18,nandi_1,Overheat,63.1,80.9
2025-12-29,17:06:19,nandi_1,Overheat,41.2,81.80000000000001
2025-12-29,17:06:19,nandi_1,Overheat,41.2,81.80000000000001
2025-12-29,17:07:20,nandi_1,Overheat,60.0,82.5
2025-12-29,17:07:20,nandi_1,Overheat,60.0,82.5
2025-12-29,17:08:20,nandi_1,Overheat,51.7,83.30000000000001
2025-12-29,17:08:20,nandi_1,Overheat,51.7,83.30000000000001
2025-12-29,17:09:21,nandi_1,Overheat,51.2,83.60000000000001
2025-12-29,17:09:21,nandi_1,Overheat,51.2,83.60000000000001
2025-12-29,17:10:21,nandi_1,Overheat,48.0,84.5
2025-12-29,17:10:21,nandi_1,Overheat,48.0,84.5
2025-12-29,17:11:22,nandi_1,Overheat,76.3,85.4
2025-12-29,17:11:22,nandi_1,Overheat,76.3,85.4
2025-12-29,17:12:22,nandi_1,Overheat,53.400000000000006,86.10000000000001
2025-12-29,17:12:22,nandi_1,Overheat,53.400000000000006,86.10000000000001
2025-12-29,17:13:22,nandi_1,Overheat,53.900000000000006,86.9
2025-12-29,17:13:22,nandi_1,Overheat,53.900000000000006,86.9
2025-12-29,17:14:22,nandi_1,Overheat,68.0,87.9
2025-12-29,17:14:22,nandi_1,Overheat,68.0,87.9
2025-12-29,17:15:22,nandi_1,Overheat,54.2,88.60000000000001
2025-12-29,17:16:23,nandi_1,Overheat,39.6,89.2
2025-12-29,17:16:23,nandi_1,Overheat,39.6,89.2
2025-12-29,17:20:38,nandi_1,Overheat,0.30000000000000004,83.9
2025-12-29,17:20:38,nandi_1,Overheat,0.30000000000000004,83.9
2025-12-29,17:21:38,nandi_1,Overheat,57.2,85.30000000000001
2025-12-29,17:22:38,nandi_1,Overheat,63.900000000000006,86.10000000000001
2025-12-29,17:22:38,nandi_1,Overheat,63.900000000000006,86.10000000000001
2025-12-29,17:24:54,nandi_1,Overheat,65.3,86.60000000000001
2025-12-29,17:25:54,nandi_1,Overheat,68.10000000000001,88.60000000000001
2025-12-29,17:25:54,nandi_1,Overheat,68.10000000000001,88.60000000000001
2025-12-29,17:26:54,nandi_1,Overheat,25.3,88.60000000000001
2025-12-29,17:26:54,nandi_1,Overheat,25.3,88.60000000000001
2025-12-29,17:27:54,nandi_1,Overheat,17.1,88.2
2025-12-29,17:27:54,nandi_1,Overheat,17.1,88.2
2025-12-29,17:28:55,nandi_1,Overheat,18.0,88.80000000000001
2025-12-29,17:28:55,nandi_1,Overheat,18.0,88.80000000000001
2025-12-29,17:29:55,nandi_1,Overheat,41.900000000000006,89.0
2025-12-29,17:30:55,nandi_1,Overheat,33.9,89.30000000000001
2025-12-29,17:30:55,nandi_1,Overheat,33.9,89.30000000000001
2025-12-29,17:31:56,nandi_1,Overheat,59.7,89.80000000000001
2025-12-29,17:31:56,nandi_1,Overheat,59.7,89.80000000000001
2025-12-29,17:32:56,nandi_1,Overheat,61.5,90.4
2025-12-29,17:32:56,nandi_1,Overheat,61.5,90.4
2025-12-29,17:33:56,nandi_1,Overheat,27.5,90.9
2025-12-29,17:33:56,nandi_1,Overheat,27.5,90.9
2025-12-29,17:35:11,nandi_1,Overheat,51.400000000000006,91.30000000000001
2025-12-29,17:35:11,nandi_1,Overheat,51.400000000000006,91.30000000000001
2025-12-29,17:36:11,nandi_1,Overheat,26.1,91.30000000000001
2025-12-29,17:36:11,nandi_1,Overheat,26.1,91.30000000000001
2025-12-29,17:37:12,nandi_1,Overheat,26.1,90.2
2025-12-29,17:37:12,nandi_1,Overheat,26.1,90.2
2025-12-29,17:41:07,nandi_1,Overheat,12.9,85.7
2025-12-29,17:41:07,nandi_1,Overheat,12.9,85.7
2025-12-29,17:42:08,nandi_1,High Current & Overheat,87.5,86.5
2025-12-29,17:43:08,nandi_1,Overheat,23.200000000000003,88.9
2025-12-29,17:43:08,nandi_1,Overheat,23.200000000000003,88.9
2025-12-29,17:44:38,nandi_1,Overheat,39.2,89.80000000000001
2025-12-29,17:44:38,nandi_1,Overheat,39.2,89.80000000000001
2025-12-29,17:45:38,nandi_1,High Current & Overheat,142.6,91.60000000000001
2025-12-29,17:45:38,nandi_1,High Current & Overheat,142.6,91.60000000000001
2025-12-29,17:46:39,nandi_1,High Current & Overheat,160.8,92.7
2025-12-29,17:46:39,nandi_1,High Current & Overheat,160.8,92.7
2025-12-29,17:47:39,nandi_1,High Current & Overheat,86.30000000000001,93.4
2025-12-29,17:47:39,nandi_1,High Current & Overheat,86.30000000000001,93.4
2025-12-29,17:48:39,nandi_1,Overheat,56.900000000000006,93.5
2025-12-29,17:49:39,nandi_1,Overheat,68.60000000000001,94.0
2025-12-29,17:49:39,nandi_1,Overheat,68.60000000000001,94.0
2025-12-29,17:50:39,nandi_1,Overheat,68.2,94.5
2025-12-29,17:50:39,nandi_1,Overheat,68.2,94.5
2025-12-29,17:51:40,nandi_1,Overheat,68.2,94.2
2025-12-29,17:51:40,nandi_1,Overheat,68.2,94.2
2025-12-29,17:52:40,nandi_1,High Current & Overheat,178.4,94.30000000000001
2025-12-29,17:52:40,nandi_1,High Current & Overheat,178.4,94.30000000000001
2025-12-29,17:56:40,nandi_1,Overheat,54.5,90.0
2025-12-29,17:56:40,nandi_1,Overheat,54.5,90.0
2025-12-29,17:57:40,nandi_1,Overheat,57.7,91.0
2025-12-29,17:57:40,nandi_1,Overheat,57.7,91.0
2025-12-29,18:07:47,nandi_1,Overheat,73.9,117.5
2025-12-29,18:07:47,nandi_1,Overheat,73.9,117.5
2025-12-29,18:16:43,nandi_2,High Current,152.3,26.900000000000002
2025-12-29,18:16:43,nandi_2,High Current,152.3,26.900000000000002
2025-12-29,18:18:25,nandi_2,High Current,124.80000000000001,28.5
2025-12-29,18:18:25,nandi_2,High Current,124.80000000000001,28.5
2025-12-29,18:20:12,nandi_2,High Current,100.2,30.900000000000002
2025-12-29,18:20:12,nandi_2,High Current,100.2,30.900000000000002
2025-12-29,18:21:18,nandi_2,High Current,87.60000000000001,32.7
2025-12-29,18:21:18,nandi_2,High Current,87.60000000000001,32.7
2025-12-29,18:22:25,nandi_2,High Current,93.0,34.300000000000004
2025-12-29,18:22:25,nandi_2,High Current,93.0,34.300000000000004
2025-12-29,18:25:05,nandi_2,High Current,99.7,34.7
2025-12-29,18:25:05,nandi_2,High Current,99.7,34.7
2025-12-29,18:26:27,nandi_2,High Current,89.30000000000001,34.7
2025-12-29,18:26:27,nandi_2,High Current,89.30000000000001,34.7
2025-12-29,18:28:04,nandi_2,High Current,115.60000000000001,36.1
2025-12-29,18:28:04,nandi_2,High Current,115.60000000000001,36.1
2025-12-29,18:29:15,nandi_2,High Current,84.10000000000001,37.800000000000004
2025-12-29,18:30:30,nandi_2,High Current,125.4,39.2
2025-12-29,18:33:08,nandi_2,High Current,143.9,40.800000000000004
2025-12-29,18:33:08,nandi_2,High Current,143.9,40.800000000000004
2025-12-29,18:34:08,nandi_2,High Current,101.4,42.400000000000006
2025-12-29,18:34:08,nandi_2,High Current,101.4,42.400000000000006
2025-12-29,18:35:08,nandi_2,High Current,101.4,44.300000000000004
2025-12-29,18:35:08,nandi_2,High Current,101.4,44.300000000000004
2025-12-29,18:36:08,nandi_2,High Current,101.5,45.6
2025-12-29,18:36:08,nandi_2,High Current,101.5,45.6
2025-12-29,18:37:09,nandi_2,High Current,100.9,46.900000000000006
2025-12-29,18:37:09,nandi_2,High Current,100.9,46.900000000000006
2025-12-29,19:03:28,nandi_2,High Current,130.70000000000002,40.300000000000004
2025-12-29,19:03:28,nandi_2,High Current,130.70000000000002,40.300000000000004
2025-12-29,19:04:28,nandi_2,High Current,83.4,43.1
2025-12-29,19:04:28,nandi_2,High Current,83.4,43.1
2025-12-29,19:05:30,nandi_2,High Current,102.30000000000001,44.7
2025-12-29,19:05:30,nandi_2,High Current,102.30000000000001,44.7
2025-12-29,19:28:25,nandi_1,High Current,81.2,44.1
2025-12-29,19:45:41,nandi_2,High Current,121.10000000000001,40.1
2025-12-29,19:45:41,nandi_2,High Current,121.10000000000001,40.1
2025-12-29,19:46:10,nandi_2,High Current,103.4,40.5
2025-12-29,19:47:15,nandi_2,High Current,80.10000000000001,42.7
2025-12-29,19:47:15,nandi_2,High Current,80.10000000000001,42.7
2025-12-29,19:48:28,nandi_2,High Current,88.30000000000001,44.5
2025-12-29,19:48:28,nandi_2,High Current,88.30000000000001,44.5
2025-12-29,19:49:29,nandi_2,High Current,85.60000000000001,46.0
2025-12-29,19:49:29,nandi_2,High Current,85.60000000000001,46.0
2025-12-29,19:51:15,nandi_2,High Current,83.7,48.5
2025-12-29,19:51:15,nandi_2,High Current,83.7,48.5
2025-12-29,19:52:16,nandi_2,High Current,88.5,50.2
2025-12-29,19:52:16,nandi_2,High Current,88.5,50.2
2025-12-29,19:53:19,nandi_2,High Current,105.4,51.400000000000006
2025-12-29,19:53:19,nandi_2,High Current,105.4,51.400000000000006
2025-12-29,19:54:19,nandi_2,High Current,80.9,52.5
2025-12-29,19:54:19,nandi_2,High Current,80.9,52.5
2025-12-30,10:14:46,nandi_2,Overheat,76.5,106.5
2025-12-30,10:15:46,nandi_2,Overheat,56.400000000000006,106.5
2025-12-30,10:16:53,nandi_2,Overheat,59.0,106.9
2025-12-30,10:17:54,nandi_2,Overheat,53.5,107.0
2025-12-30,10:18:54,nandi_2,Overheat,60.900000000000006,107.60000000000001
2025-12-30,10:25:46,nandi_2,Overheat,0.4,100.2
2025-12-30,10:26:47,nandi_2,Overheat,41.0,99.7
2025-12-30,10:27:48,nandi_2,Overheat,40.0,99.30000000000001
2025-12-30,10:28:48,nandi_2,High Current & Overheat,98.0,100.30000000000001
2025-12-30,10:29:48,nandi_2,Overheat,3.7,101.4
2025-12-30,10:30:48,nandi_2,Overheat,34.7,100.7
2025-12-30,10:31:48,nandi_2,Overheat,79.7,101.2
2025-12-30,10:45:23,nandi_2,Overheat,0.4,90.10000000000001
2025-12-30,10:46:25,nandi_2,Overheat,18.6,89.0
2025-12-30,10:47:25,nandi_2,High Current & Overheat,119.5,91.30000000000001
2025-12-30,10:48:25,nandi_2,High Current & Overheat,101.9,92.80000000000001
2025-12-30,10:49:29,nandi_2,High Current & Overheat,147.9,93.5
2025-12-30,10:50:29,nandi_2,Overheat,69.60000000000001,93.80000000000001
2025-12-30,10:51:29,nandi_2,High Current & Overheat,103.10000000000001,93.5
2025-12-30,10:52:30,nandi_2,Overheat,60.6,94.2
2025-12-30,10:53:31,nandi_2,Overheat,20.0,94.9
2025-12-30,10:54:31,nandi_2,Overheat,24.8,95.10000000000001
2025-12-30,10:55:31,nandi_2,Overheat,24.400000000000002,93.60000000000001
2025-12-30,10:56:31,nandi_2,Overheat,63.5,92.2
2025-12-30,10:57:31,nandi_2,Overheat,51.7,92.2
2025-12-30,10:58:31,nandi_2,Overheat,71.9,91.9
2025-12-30,10:59:31,nandi_2,High Current & Overheat,90.4,92.2
2025-12-30,11:00:31,nandi_2,High Current & Overheat,80.80000000000001,93.2
2025-12-30,11:01:32,nandi_2,Overheat,74.4,94.10000000000001
2025-12-30,11:02:32,nandi_2,Overheat,72.9,94.80000000000001
2025-12-30,11:03:32,nandi_2,Overheat,80.0,95.7
2025-12-30,11:04:32,nandi_2,Overheat,69.8,96.60000000000001
2025-12-30,11:05:32,nandi_2,Overheat,61.5,97.2
2025-12-30,11:06:32,nandi_2,Overheat,72.3,97.5
2025-12-30,11:07:32,nandi_2,Overheat,72.5,98.0
2025-12-30,11:08:32,nandi_2,Overheat,72.2,98.60000000000001
2025-12-30,11:09:32,nandi_2,Overheat,55.5,98.9
2025-12-30,11:10:32,nandi_2,Overheat,58.400000000000006,98.5
2025-12-30,11:11:33,nandi_2,Overheat,14.100000000000001,98.0
2025-12-30,11:12:34,nandi_2,Overheat,33.1,99.10000000000001
2025-12-30,11:13:34,nandi_2,High Current & Overheat,80.5,99.0
2025-12-30,11:14:36,nandi_2,Overheat,70.9,99.0
2025-12-30,11:15:36,nandi_2,Overheat,22.8,99.2
2025-12-30,11:16:36,nandi_2,Overheat,57.6,99.7
2025-12-30,11:17:37,nandi_2,High Current & Overheat,88.9,99.9
2025-12-30,11:18:37,nandi_2,Overheat,60.400000000000006,100.10000000000001
2025-12-30,11:19:37,nandi_2,High Current & Overheat,81.2,100.2
2025-12-30,11:20:37,nandi_2,Overheat,63.5,100.4
2025-12-30,11:21:37,nandi_2,Overheat,15.4,101.0
2025-12-30,11:22:37,nandi_2,Overheat,53.900000000000006,101.7
2025-12-30,11:23:37,nandi_2,Overheat,67.4,102.2
2025-12-30,11:24:38,nandi_2,High Current & Overheat,80.2,102.60000000000001
2025-12-30,11:31:40,nandi_1,Overheat,0.4,106.2
2025-12-30,11:36:43,nandi_2,High Current & Overheat,142.3,90.4
2025-12-30,11:37:43,nandi_2,High Current & Overheat,144.9,92.5
2025-12-30,11:38:44,nandi_2,Overheat,22.200000000000003,94.4
2025-12-30,11:39:44,nandi_2,Overheat,55.400000000000006,94.10000000000001
2025-12-30,11:40:45,nandi_2,Overheat,57.400000000000006,94.2
2025-12-30,11:41:09,nandi_1,High Current & Overheat,96.2,96.7
2025-12-30,11:41:45,nandi_2,Overheat,73.2,94.60000000000001
2025-12-30,11:42:12,nandi_1,Overheat,48.0,99.10000000000001
2025-12-30,11:42:45,nandi_2,Overheat,67.4,95.5
2025-12-30,11:43:13,nandi_1,Overheat,72.9,100.7
2025-12-30,11:43:45,nandi_2,Overheat,68.8,96.2
2025-12-30,11:44:15,nandi_1,Overheat,32.0,100.4
2025-12-30,11:44:46,nandi_2,Overheat,69.2,96.7
2025-12-30,11:45:17,nandi_1,Overheat,75.7,100.9
2025-12-30,11:45:39,nandi_2,Overheat,61.5,97.30000000000001
2025-12-30,11:45:45,nandi_1,Overheat,37.300000000000004,100.9
2025-12-30,11:46:06,nandi_2,Overheat,71.7,97.60000000000001
2025-12-30,11:46:07,nandi_1,High Current & Overheat,111.4,101.2
2025-12-30,11:46:30,nandi_1,Overheat,66.60000000000001,101.5
2025-12-30,11:46:32,nandi_2,Overheat,73.8,97.80000000000001
2025-12-30,11:47:31,nandi_1,High Current & Overheat,86.10000000000001,102.5
2025-12-30,11:47:32,nandi_2,Overheat,72.4,98.7
2025-12-30,11:48:31,nandi_1,Overheat,80.0,103.2
2025-12-30,11:48:32,nandi_2,High Current & Overheat,90.10000000000001,99.5
2025-12-30,11:49:31,nandi_1,Overheat,76.5,104.0
2025-12-30,11:49:33,nandi_2,Overheat,63.6,99.80000000000001
2025-12-30,11:50:31,nandi_1,Overheat,72.7,105.10000000000001
2025-12-30,11:50:33,nandi_2,Overheat,71.0,100.30000000000001
2025-12-30,11:51:32,nandi_1,Overheat,62.2,106.0
2025-12-30,11:51:33,nandi_2,Overheat,72.9,100.80000000000001
2025-12-30,11:52:32,nandi_1,Overheat,78.60000000000001,106.9
2025-12-30,11:52:33,nandi_2,Overheat,65.2,101.4
2025-12-30,11:53:33,nandi_2,High Current & Overheat,86.30000000000001,101.60000000000001
2025-12-30,11:53:33,nandi_1,Overheat,39.6,107.60000000000001
2025-12-30,11:53:37,nandi_1,Overheat,68.60000000000001,107.7
2025-12-30,11:53:38,nandi_2,High Current & Overheat,88.2,101.60000000000001
2025-12-30,11:54:13,nandi_1,Overheat,66.5,108.2
2025-12-30,11:54:13,nandi_2,Overheat,66.3,101.80000000000001
2025-12-30,11:55:13,nandi_1,High Current & Overheat,96.0,108.60000000000001
2025-12-30,11:55:13,nandi_2,Overheat,69.8,102.30000000000001
2025-12-30,11:56:13,nandi_1,Overheat,78.10000000000001,109.2
2025-12-30,11:56:14,nandi_2,Overheat,60.1,102.7
2025-12-30,11:57:13,nandi_1,High Current & Overheat,90.80000000000001,109.5
2025-12-30,11:57:16,nandi_2,Overheat,65.3,102.9
2025-12-30,11:57:38,nandi_1,Overheat,60.2,109.5
2025-12-30,11:57:39,nandi_2,Overheat,67.9,103.0
2025-12-30,11:58:40,nandi_2,Overheat,61.800000000000004,103.2
2025-12-30,11:58:40,nandi_1,Overheat,70.7,109.60000000000001
2025-12-30,11:59:40,nandi_2,Overheat,7.800000000000001,103.4
2025-12-30,11:59:43,nandi_1,Overheat,68.2,109.60000000000001
2025-12-30,12:00:43,nandi_1,Overheat,59.800000000000004,109.7
2025-12-30,12:00:46,nandi_2,Overheat,62.2,102.4
2025-12-30,12:01:45,nandi_1,High Current & Overheat,82.80000000000001,110.2
2025-12-30,12:01:47,nandi_2,High Current & Overheat,107.60000000000001,102.4
2025-12-30,12:02:45,nandi_1,Overheat,67.10000000000001,110.60000000000001
2025-12-30,12:02:47,nandi_2,Overheat,20.400000000000002,104.0
2025-12-30,12:03:28,nandi_1,Overheat,66.5,110.7
2025-12-30,12:03:29,nandi_2,High Current & Overheat,133.8,103.80000000000001
2025-12-30,12:04:28,nandi_1,Overheat,62.1,111.10000000000001
2025-12-30,12:04:30,nandi_2,Overheat,63.7,104.4
2025-12-30,12:05:29,nandi_1,Overheat,56.7,111.30000000000001
2025-12-30,12:05:34,nandi_2,High Current & Overheat,91.9,104.60000000000001
2025-12-30,12:06:29,nandi_1,Overheat,70.5,111.4
2025-12-30,12:06:36,nandi_2,Overheat,68.9,104.80000000000001
2025-12-30,12:07:29,nandi_1,Overheat,69.4,111.60000000000001
2025-12-30,12:07:37,nandi_2,Overheat,58.6,104.5
2025-12-30,12:08:32,nandi_1,Overheat,54.1,111.80000000000001
2025-12-30,12:08:37,nandi_2,Overheat,60.6,104.10000000000001
2025-12-30,12:09:37,nandi_1,Overheat,66.7,112.0
2025-12-30,12:09:38,nandi_2,Overheat,61.6,104.2
2025-12-30,12:10:37,nandi_1,Overheat,53.2,112.4
2025-12-30,12:10:39,nandi_2,High Current & Overheat,104.7,104.2
2025-12-30,12:11:38,nandi_1,Overheat,67.10000000000001,112.60000000000001
2025-12-30,12:11:40,nandi_2,High Current & Overheat,102.80000000000001,104.30000000000001
2025-12-30,12:12:40,nandi_1,Overheat,67.8,112.80000000000001
2025-12-30,12:12:42,nandi_2,Overheat,68.0,104.4
2025-12-30,12:13:42,nandi_2,Overheat,22.0,104.30000000000001
2025-12-30,12:13:44,nandi_1,Overheat,3.1,111.5
2025-12-30,12:14:43,nandi_2,High Current & Overheat,105.5,104.80000000000001
2025-12-30,12:15:45,nandi_2,Overheat,47.7,104.7
2025-12-30,12:16:35,nandi_1,Overheat,0.4,107.7
2025-12-30,12:16:46,nandi_2,Overheat,55.800000000000004,104.60000000000001
2025-12-30,12:17:36,nandi_1,Overheat,2.7,106.4
2025-12-30,12:17:47,nandi_2,Overheat,11.9,104.4
2025-12-30,12:18:36,nandi_1,Overheat,2.8000000000000003,105.0
2025-12-30,12:19:36,nandi_1,Overheat,2.8000000000000003,103.7
2025-12-30,12:20:36,nandi_1,Overheat,2.7,102.4
2025-12-30,12:21:37,nandi_1,Overheat,2.7,101.30000000000001
2025-12-30,12:21:59,nandi_2,Overheat,0.6000000000000001,98.60000000000001
2025-12-30,12:22:38,nandi_1,Overheat,2.9000000000000004,100.4
2025-12-30,12:22:59,nandi_2,Overheat,65.0,97.9
2025-12-30,12:23:41,nandi_1,Overheat,3.1,99.4
2025-12-30,12:24:00,nandi_2,Overheat,66.60000000000001,99.4
2025-12-30,12:25:00,nandi_2,Overheat,33.5,100.10000000000001
2025-12-30,12:25:44,nandi_1,Overheat,0.30000000000000004,97.2
2025-12-30,12:26:02,nandi_2,High Current & Overheat,86.80000000000001,100.30000000000001
2025-12-30,12:26:46,nandi_1,Overheat,59.400000000000006,98.60000000000001
2025-12-30,12:27:02,nandi_2,High Current & Overheat,96.5,100.7
2025-12-30,12:27:47,nandi_1,Overheat,56.0,100.10000000000001
2025-12-30,12:28:03,nandi_2,Overheat,17.400000000000002,101.30000000000001
2025-12-30,12:28:48,nandi_1,Overheat,62.6,100.7
2025-12-30,12:29:04,nandi_2,Overheat,60.6,101.4
2025-12-30,12:29:49,nandi_1,Overheat,73.7,101.4
2025-12-30,12:30:04,nandi_2,High Current & Overheat,96.2,101.5
2025-12-30,12:30:49,nandi_1,Overheat,74.8,102.10000000000001
2025-12-30,12:31:05,nandi_2,High Current & Overheat,101.0,102.10000000000001
2025-12-30,12:31:50,nandi_1,Overheat,63.5,102.7
2025-12-30,12:32:05,nandi_2,Overheat,55.5,102.4
2025-12-30,12:32:51,nandi_1,Overheat,61.800000000000004,103.2
2025-12-30,12:33:06,nandi_2,Overheat,75.9,102.60000000000001
2025-12-30,12:33:52,nandi_1,Overheat,72.9,103.60000000000001
2025-12-30,12:34:08,nandi_2,Overheat,38.5,102.80000000000001
2025-12-30,12:34:53,nandi_1,Overheat,74.7,104.30000000000001
2025-12-30,12:35:08,nandi_2,Overheat,45.1,102.5
2025-12-30,12:35:53,nandi_1,Overheat,36.2,104.9
2025-12-30,12:36:08,nandi_2,Overheat,9.9,101.10000000000001
2025-12-30,12:37:09,nandi_2,Overheat,36.800000000000004,99.80000000000001
2025-12-30,12:38:04,nandi_1,Overheat,2.7,101.0
2025-12-30,12:38:09,nandi_2,Overheat,15.8,98.30000000000001
2025-12-30,12:39:05,nandi_1,Overheat,61.7,101.60000000000001
2025-12-30,12:39:10,nandi_2,Overheat,62.800000000000004,98.10000000000001
2025-12-30,12:40:05,nandi_1,Overheat,73.5,103.60000000000001
2025-12-30,12:40:11,nandi_2,Overheat,14.0,97.80000000000001
2025-12-30,12:41:12,nandi_2,Overheat,56.800000000000004,96.80000000000001
2025-12-30,12:42:12,nandi_2,Overheat,21.700000000000003,96.9
2025-12-30,12:43:12,nandi_2,Overheat,29.700000000000003,97.0
2025-12-30,12:44:14,nandi_2,Overheat,30.5,96.60000000000001
2025-12-30,12:45:04,nandi_1,Overheat,0.2,96.4
2025-12-30,12:45:14,nandi_2,High Current & Overheat,85.5,96.80000000000001
2025-12-30,12:46:05,nandi_1,High Current & Overheat,87.7,95.9
2025-12-30,12:46:14,nandi_2,Overheat,50.800000000000004,97.5
2025-12-30,12:47:14,nandi_2,Overheat,55.2,97.9
2025-12-30,12:48:14,nandi_2,Overheat,52.1,98.30000000000001
2025-12-30,12:49:14,nandi_2,High Current & Overheat,87.5,98.9
2025-12-30,12:50:15,nandi_2,Overheat,62.1,99.5
2025-12-30,12:51:15,nandi_2,Overheat,59.2,99.80000000000001
2025-12-30,13:03:08,nandi_2,Overheat,22.1,89.10000000000001
2025-12-30,13:04:09,nandi_2,High Current & Overheat,95.30000000000001,89.80000000000001
2025-12-30,13:05:10,nandi_2,Overheat,79.80000000000001,91.10000000000001
2025-12-30,13:06:10,nandi_2,Overheat,70.8,92.5
2025-12-30,13:07:10,nandi_2,Overheat,79.10000000000001,93.7
2025-12-30,13:08:10,nandi_2,High Current & Overheat,80.2,95.0
2025-12-30,13:09:10,nandi_2,Overheat,15.3,95.80000000000001
2025-12-30,13:10:10,nandi_2,High Current & Overheat,90.2,96.30000000000001
2025-12-30,13:11:10,nandi_2,Overheat,79.60000000000001,97.4
2025-12-30,13:12:10,nandi_2,High Current & Overheat,97.10000000000001,98.5
2025-12-30,13:13:10,nandi_2,High Current & Overheat,82.7,99.7
2025-12-30,13:14:10,nandi_2,High Current & Overheat,82.7,100.5
2025-12-30,13:15:11,nandi_2,High Current & Overheat,106.2,100.60000000000001
2025-12-30,13:16:11,nandi_2,Overheat,27.6,100.10000000000001
2025-12-30,13:17:11,nandi_2,Overheat,75.9,99.4
2025-12-30,13:18:11,nandi_2,Overheat,65.0,99.5
2025-12-30,13:19:11,nandi_2,Overheat,73.0,99.9
2025-12-30,13:20:11,nandi_2,Overheat,54.1,100.60000000000001
2025-12-30,13:21:11,nandi_2,Overheat,71.60000000000001,101.4
2025-12-30,13:22:11,nandi_2,Overheat,79.5,102.30000000000001
2025-12-30,13:23:11,nandi_2,High Current & Overheat,80.30000000000001,102.5
2025-12-30,13:24:11,nandi_2,High Current & Overheat,94.0,103.10000000000001
2025-12-30,13:25:12,nandi_2,Overheat,76.60000000000001,103.80000000000001
2025-12-30,13:26:12,nandi_2,Overheat,77.80000000000001,104.5
2025-12-30,13:27:12,nandi_2,Overheat,70.10000000000001,104.9
2025-12-30,13:28:12,nandi_2,Overheat,64.2,105.5
2025-12-30,13:29:12,nandi_2,Overheat,77.7,106.10000000000001
2025-12-30,13:30:12,nandi_2,Overheat,35.300000000000004,106.7
2025-12-30,14:42:14,nandi_2,High Current,90.80000000000001,68.10000000000001
2025-12-30,14:56:29,nandi_1,Overheat,2.8000000000000003,100.0
2025-12-30,14:57:29,nandi_1,Overheat,79.4,98.5
2025-12-30,14:58:30,nandi_1,High Current & Overheat,94.80000000000001,99.7
2025-12-30,14:59:33,nandi_1,Overheat,44.300000000000004,100.9
2025-12-30,15:00:35,nandi_1,Overheat,60.6,101.30000000000001
2025-12-30,15:01:36,nandi_1,Overheat,50.6,101.7
2025-12-30,15:02:36,nandi_1,High Current & Overheat,92.2,102.0
2025-12-30,15:03:38,nandi_1,High Current & Overheat,85.4,102.10000000000001
2025-12-30,15:04:38,nandi_1,Overheat,63.6,102.2
2025-12-30,15:05:38,nandi_1,High Current & Overheat,96.10000000000001,102.5
2025-12-30,15:06:26,nandi_2,High Current,100.80000000000001,74.7
2025-12-30,15:06:38,nandi_1,High Current & Overheat,85.0,103.0
2025-12-30,15:07:38,nandi_1,High Current & Overheat,136.0,103.80000000000001
2025-12-30,15:08:38,nandi_1,Overheat,47.2,104.30000000000001
2025-12-30,15:09:38,nandi_1,Overheat,43.7,104.60000000000001
2025-12-30,15:10:38,nandi_1,Overheat,46.300000000000004,104.9
2025-12-30,15:11:39,nandi_1,Overheat,36.2,104.9
2025-12-30,15:12:37,nandi_2,High Current,82.9,71.4
2025-12-30,15:12:39,nandi_1,Overheat,48.6,105.0
2025-12-30,15:17:31,nandi_1,Overheat,0.4,97.4
2025-12-30,15:18:32,nandi_1,Overheat,58.0,98.5
2025-12-30,15:19:01,nandi_2,High Current,99.2,75.2
2025-12-30,15:19:33,nandi_1,Overheat,53.900000000000006,99.80000000000001
2025-12-30,15:20:09,nandi_2,High Current,89.5,76.5
2025-12-30,15:20:34,nandi_1,Overheat,65.0,100.5
2025-12-30,15:21:09,nandi_2,High Current,81.2,77.80000000000001
2025-12-30,15:21:35,nandi_1,High Current & Overheat,96.9,101.4
2025-12-30,15:22:35,nandi_1,Overheat,62.2,101.7
2025-12-30,15:23:11,nandi_2,High Current,85.10000000000001,80.0
2025-12-30,15:23:36,nandi_1,High Current & Overheat,84.9,102.30000000000001
2025-12-30,15:24:13,nandi_2,Overheat,28.5,80.2
2025-12-30,15:24:36,nandi_1,Overheat,35.5,102.80000000000001
2025-12-30,15:25:37,nandi_1,Overheat,31.6,102.80000000000001
2025-12-30,15:26:37,nandi_1,Overheat,73.3,102.30000000000001
2025-12-30,15:27:37,nandi_1,Overheat,75.3,102.9
2025-12-30,15:28:37,nandi_1,High Current & Overheat,81.60000000000001,103.2
2025-12-30,15:29:37,nandi_1,High Current & Overheat,112.9,104.4
2025-12-30,15:30:37,nandi_1,Overheat,57.0,104.60000000000001
2025-12-30,15:31:37,nandi_1,High Current & Overheat,131.4,104.9
2025-12-30,15:32:38,nandi_1,High Current & Overheat,119.10000000000001,105.2
2025-12-30,15:33:38,nandi_1,Overheat,2.9000000000000004,103.7
2025-12-30,15:34:38,nandi_1,High Current & Overheat,107.80000000000001,103.4
2025-12-30,15:35:38,nandi_1,Overheat,79.4,102.5
2025-12-30,15:36:39,nandi_1,Overheat,74.7,102.4
2025-12-30,16:13:23,nandi_1,Overheat,54.0,96.9
2025-12-30,16:14:23,nandi_1,Overheat,69.10000000000001,98.30000000000001
2025-12-30,16:15:24,nandi_1,High Current & Overheat,94.0,99.7
2025-12-30,16:16:24,nandi_1,High Current & Overheat,92.5,100.5
2025-12-30,16:17:24,nandi_1,Overheat,21.5,101.10000000000001
2025-12-30,16:18:24,nandi_1,Overheat,65.2,101.5
2025-12-30,16:19:24,nandi_1,Overheat,36.4,102.10000000000001
2025-12-30,16:20:24,nandi_1,High Current & Overheat,82.2,101.5
2025-12-30,16:21:24,nandi_1,Overheat,59.2,101.9
2025-12-30,16:22:24,nandi_1,Overheat,74.2,102.30000000000001
2025-12-30,16:23:24,nandi_1,Overheat,30.400000000000002,102.80000000000001
2025-12-30,16:24:25,nandi_1,Overheat,65.10000000000001,102.9
2025-12-30,16:25:25,nandi_1,Overheat,51.2,102.9
2025-12-30,16:26:25,nandi_1,Overheat,44.400000000000006,103.30000000000001
2025-12-30,16:27:26,nandi_1,Overheat,14.600000000000001,103.80000000000001
2025-12-30,16:28:26,nandi_1,Overheat,30.400000000000002,104.30000000000001
2025-12-30,16:29:26,nandi_1,Overheat,26.0,104.30000000000001
2025-12-30,16:30:26,nandi_1,Overheat,10.4,101.7
2025-12-30,16:31:26,nandi_1,Overheat,59.400000000000006,102.7
2025-12-30,16:32:26,nandi_1,High Current & Overheat,106.2,103.60000000000001
2025-12-30,16:33:26,nandi_1,Overheat,49.800000000000004,104.4
2025-12-30,16:34:26,nandi_1,Overheat,59.900000000000006,104.30000000000001
2025-12-30,16:35:27,nandi_1,Overheat,55.300000000000004,104.60000000000001
2025-12-30,16:36:27,nandi_1,Overheat,61.1,104.80000000000001
2025-12-30,16:37:27,nandi_1,Overheat,78.7,105.10000000000001
2025-12-30,16:38:27,nandi_1,Overheat,65.4,105.2
2025-12-30,16:39:27,nandi_1,Overheat,44.900000000000006,105.10000000000001
2025-12-31,10:00:50,nandi_1,Overheat,68.5,106.30000000000001
2025-12-31,10:01:50,nandi_1,Overheat,22.1,106.10000000000001
2025-12-31,10:22:49,nandi_1,Overheat,60.0,103.7
2025-12-31,10:23:49,nandi_1,Overheat,45.400000000000006,103.4
2025-12-31,10:24:49,nandi_1,Overheat,58.1,103.80000000000001
2025-12-31,10:25:49,nandi_1,Overheat,46.800000000000004,104.4
2025-12-31,10:26:50,nandi_1,Overheat,49.2,104.60000000000001
2025-12-31,10:27:50,nandi_1,Overheat,75.4,105.10000000000001
2025-12-31,10:28:50,nandi_1,Overheat,74.60000000000001,105.4
2025-12-31,10:44:57,nandi_1,High Current & Overheat,114.0,108.5
2025-12-31,10:45:58,nandi_1,High Current & Overheat,178.10000000000002,109.30000000000001
2025-12-31,10:51:37,nandi_1,Overheat,38.900000000000006,98.9
2025-12-31,10:52:38,nandi_1,Overheat,58.0,100.10000000000001
2025-12-31,10:53:38,nandi_1,High Current & Overheat,105.10000000000001,101.7
2025-12-31,10:54:38,nandi_1,Overheat,51.5,103.10000000000001
2025-12-31,10:55:38,nandi_1,Overheat,70.2,104.30000000000001
2025-12-31,10:56:38,nandi_1,Overheat,77.30000000000001,105.30000000000001
2025-12-31,10:57:38,nandi_1,Overheat,17.900000000000002,105.7
2025-12-31,10:58:38,nandi_1,Overheat,78.60000000000001,106.10000000000001
2025-12-31,10:59:38,nandi_1,Overheat,66.60000000000001,106.10000000000001
2025-12-31,11:00:38,nandi_1,Overheat,57.0,106.4
2025-12-31,11:01:38,nandi_1,Overheat,64.8,106.7
2025-12-31,11:02:39,nandi_1,Overheat,68.9,107.4
2025-12-31,11:03:39,nandi_1,Overheat,68.0,107.60000000000001
2025-12-31,11:04:39,nandi_1,Overheat,67.10000000000001,107.9
2025-12-31,11:05:39,nandi_1,Overheat,24.1,108.4
2025-12-31,13:13:14,nandi_1,High Current,128.3,48.300000000000004
2025-12-31,14:29:23,nandi_2,High Current,148.20000000000002,66.5
2025-12-31,14:30:26,nandi_2,High Current,86.60000000000001,68.3
2025-12-31,14:31:27,nandi_2,High Current,99.5,69.9
2025-12-31,14:32:34,nandi_2,High Current,98.5,71.4
2025-12-31,14:36:43,nandi_2,High Current,86.0,69.7
2025-12-31,14:37:44,nandi_2,High Current,82.7,70.0
2025-12-31,14:38:44,nandi_2,High Current,83.7,71.10000000000001
2025-12-31,14:39:56,nandi_2,High Current,88.0,72.3
2025-12-31,14:41:12,nandi_2,High Current,89.2,73.4
2025-12-31,14:42:30,nandi_2,High Current,88.4,74.60000000000001
2025-12-31,14:43:42,nandi_2,High Current,91.60000000000001,75.4
2025-12-31,14:44:42,nandi_2,High Current,88.0,76.4
2025-12-31,14:45:46,nandi_2,High Current,90.2,77.30000000000001
2025-12-31,14:57:05,nandi_2,High Current,154.10000000000002,71.5
2025-12-31,14:58:06,nandi_2,High Current,117.0,74.7
2025-12-31,14:59:21,nandi_2,High Current,85.10000000000001,77.30000000000001
2025-12-31,15:00:21,nandi_2,High Current,99.10000000000001,77.2
2025-12-31,15:01:21,nandi_2,High Current,83.4,77.7
2025-12-31,15:02:21,nandi_2,High Current,82.5,77.9
2025-12-31,15:03:23,nandi_2,High Current,82.10000000000001,78.9
2025-12-31,15:04:23,nandi_2,Overheat,79.60000000000001,80.4
2025-12-31,15:05:23,nandi_2,Overheat,69.10000000000001,81.7
2025-12-31,15:06:23,nandi_2,High Current & Overheat,98.10000000000001,83.2
2025-12-31,15:07:23,nandi_2,High Current & Overheat,88.7,84.60000000000001
2025-12-31,15:08:23,nandi_2,Overheat,64.60000000000001,86.30000000000001
2025-12-31,15:09:24,nandi_2,Overheat,40.1,87.10000000000001
2025-12-31,15:10:24,nandi_2,High Current & Overheat,88.7,87.60000000000001
2025-12-31,15:54:35,nandi_2,Overheat,2.9000000000000004,96.0
2025-12-31,15:55:36,nandi_2,Overheat,3.0,95.2
2025-12-31,15:56:36,nandi_2,High Current & Overheat,100.2,95.80000000000001
2025-12-31,15:57:36,nandi_2,Overheat,55.800000000000004,96.60000000000001
2025-12-31,15:58:36,nandi_2,Overheat,46.7,97.30000000000001
2025-12-31,15:59:37,nandi_2,Overheat,71.4,97.80000000000001
2025-12-31,16:00:37,nandi_2,High Current & Overheat,81.60000000000001,98.80000000000001
2025-12-31,16:01:37,nandi_2,Overheat,75.5,99.80000000000001
2025-12-31,16:02:37,nandi_2,High Current & Overheat,83.0,100.80000000000001
2025-12-31,16:03:37,nandi_2,Overheat,2.9000000000000004,101.80000000000001
2025-12-31,16:04:37,nandi_2,Overheat,6.0,101.2
2025-12-31,16:05:37,nandi_2,Overheat,7.0,100.2
2025-12-31,16:06:37,nandi_2,Overheat,58.900000000000006,99.80000000000001
2025-12-31,16:07:37,nandi_2,Overheat,9.200000000000001,100.4
2025-12-31,16:08:37,nandi_2,Overheat,60.1,100.7
2025-12-31,16:09:38,nandi_2,High Current & Overheat,85.30000000000001,101.60000000000001
2025-12-31,16:10:38,nandi_2,Overheat,64.0,102.0
2025-12-31,16:11:38,nandi_2,High Current & Overheat,101.7,102.4
2025-12-31,16:12:38,nandi_2,High Current & Overheat,111.5,103.30000000000001
2025-12-31,16:13:38,nandi_2,Overheat,28.200000000000003,103.9
2025-12-31,16:14:38,nandi_2,Overheat,73.2,104.2
2025-12-31,16:15:38,nandi_2,Overheat,34.4,103.5
2025-12-31,16:16:38,nandi_2,High Current & Overheat,88.7,102.60000000000001
2025-12-31,16:17:38,nandi_2,Overheat,16.7,102.9
2025-12-31,16:18:38,nandi_2,High Current & Overheat,111.2,103.2
2025-12-31,16:19:39,nandi_2,High Current & Overheat,101.7,104.4
2025-12-31,16:20:39,nandi_2,High Current & Overheat,83.7,104.80000000000001
2025-12-31,16:21:39,nandi_2,Overheat,70.3,105.10000000000001
2025-12-31,16:22:39,nandi_2,Overheat,50.2,105.2
2025-12-31,16:23:39,nandi_2,Overheat,33.6,105.9
2025-12-31,16:26:55,nandi_2,Overheat,2.7,101.4
2025-12-31,16:28:01,nandi_2,Overheat,2.8000000000000003,100.5
2025-12-31,16:33:17,nandi_2,Overheat,2.6,95.9
2025-12-31,16:34:17,nandi_2,Overheat,46.5,97.5
2025-12-31,16:35:17,nandi_2,High Current & Overheat,208.5,98.7
2025-12-31,16:36:18,nandi_2,Overheat,36.7,101.0
2025-12-31,16:37:18,nandi_2,High Current & Overheat,100.0,101.2
2025-12-31,16:38:18,nandi_2,Overheat,80.0,101.80000000000001
2025-12-31,16:39:18,nandi_2,Overheat,77.5,102.5
2025-12-31,16:40:18,nandi_2,Overheat,66.60000000000001,103.30000000000001
2025-12-31,16:41:18,nandi_2,Overheat,67.0,104.30000000000001
2025-12-31,16:42:18,nandi_2,Overheat,75.9,105.2
2025-12-31,16:43:18,nandi_2,High Current & Overheat,80.60000000000001,105.9
2025-12-31,16:44:19,nandi_2,Overheat,60.900000000000006,106.4
2025-12-31,16:45:19,nandi_2,Overheat,59.5,107.10000000000001
2025-12-31,16:46:20,nandi_2,Overheat,31.1,107.5
2025-12-31,16:47:21,nandi_2,Overheat,55.900000000000006,107.0
2025-12-31,16:48:21,nandi_2,Overheat,9.8,106.10000000000001
2025-12-31,16:49:21,nandi_2,High Current & Overheat,97.9,106.0
2025-12-31,16:50:22,nandi_2,Overheat,43.5,107.0
2025-12-31,16:51:22,nandi_2,Overheat,75.8,107.30000000000001
2025-12-31,16:52:22,nandi_2,Overheat,27.400000000000002,107.4
2025-12-31,16:53:22,nandi_2,High Current & Overheat,100.0,107.60000000000001
2025-12-31,16:54:22,nandi_2,High Current & Overheat,107.2,107.80000000000001
2025-12-31,16:55:22,nandi_2,High Current & Overheat,85.30000000000001,108.0
2025-12-31,16:56:23,nandi_2,Overheat,72.8,108.0
2025-12-31,16:57:23,nandi_2,Overheat,4.0,107.2
2025-12-31,16:58:23,nandi_2,Overheat,46.7,106.10000000000001
2025-12-31,16:59:27,nandi_2,High Current & Overheat,85.10000000000001,106.4
2025-12-31,17:00:27,nandi_2,High Current & Overheat,87.2,106.80000000000001
2025-12-31,17:01:27,nandi_2,Overheat,67.60000000000001,107.2
2025-12-31,17:02:27,nandi_2,High Current & Overheat,105.2,107.5
2025-12-31,17:03:27,nandi_2,Overheat,79.10000000000001,107.5
2025-12-31,17:04:27,nandi_2,Overheat,68.7,107.7
2025-12-31,17:05:27,nandi_2,High Current & Overheat,92.4,107.9
2025-12-31,17:06:28,nandi_2,Overheat,74.5,108.5
2025-12-31,17:07:28,nandi_2,Overheat,60.800000000000004,108.7
2025-12-31,17:08:28,nandi_2,Overheat,62.6,109.2
2025-12-31,17:09:28,nandi_2,High Current & Overheat,82.0,109.4
2025-12-31,17:10:29,nandi_2,Overheat,12.4,109.30000000000001
2025-12-31,17:11:30,nandi_2,Overheat,8.4,108.10000000000001
2025-12-31,17:12:30,nandi_2,Overheat,39.5,108.10000000000001
2025-12-31,17:13:31,nandi_2,Overheat,77.80000000000001,108.7
2025-12-31,17:14:31,nandi_2,Overheat,46.900000000000006,109.2
2025-12-31,17:15:32,nandi_2,Overheat,13.4,109.30000000000001
2025-12-31,17:16:32,nandi_2,Overheat,79.60000000000001,108.30000000000001
2025-12-31,17:23:09,nandi_2,Overheat,2.5,101.30000000000001
2025-12-31,17:24:09,nandi_2,Overheat,2.8000000000000003,100.4
2025-12-31,17:25:09,nandi_2,Overheat,2.7,99.30000000000001
2025-12-31,17:30:05,nandi_2,Overheat,2.6,94.0
2025-12-31,17:31:06,nandi_2,Overheat,63.7,95.0
2025-12-31,17:32:07,nandi_2,Overheat,76.60000000000001,96.60000000000001
2025-12-31,17:33:07,nandi_2,Overheat,73.5,97.7
2025-12-31,17:34:07,nandi_2,Overheat,10.9,98.0
2025-12-31,17:35:07,nandi_2,High Current & Overheat,120.30000000000001,100.4
2025-12-31,17:36:07,nandi_2,Overheat,8.4,103.0
2025-12-31,17:37:07,nandi_2,High Current & Overheat,94.7,102.10000000000001
2025-12-31,17:38:07,nandi_2,Overheat,68.5,101.10000000000001
2025-12-31,17:39:08,nandi_2,Overheat,79.9,100.7
2025-12-31,17:40:08,nandi_2,High Current & Overheat,93.2,101.30000000000001
2025-12-31,17:41:09,nandi_2,Overheat,73.4,102.2
2025-12-31,17:42:11,nandi_2,High Current & Overheat,98.10000000000001,103.0
2025-12-31,17:43:12,nandi_2,Overheat,47.900000000000006,103.4
2025-12-31,17:44:12,nandi_2,High Current & Overheat,148.9,103.60000000000001
2025-12-31,17:45:12,nandi_2,Overheat,72.3,105.60000000000001
2025-12-31,17:46:13,nandi_2,Overheat,37.800000000000004,105.9
2025-12-31,17:47:13,nandi_2,High Current & Overheat,93.5,105.10000000000001
2025-12-31,17:48:13,nandi_2,High Current & Overheat,101.10000000000001,105.30000000000001
2025-12-31,17:49:13,nandi_2,Overheat,56.1,106.10000000000001
2025-12-31,17:50:13,nandi_2,Overheat,71.8,107.0
2025-12-31,17:51:13,nandi_2,Overheat,54.400000000000006,107.60000000000001
2025-12-31,17:52:13,nandi_2,Overheat,74.4,108.30000000000001
2025-12-31,17:53:13,nandi_2,Overheat,70.9,108.80000000000001
2025-12-31,17:54:14,nandi_2,Overheat,66.5,109.5
2025-12-31,17:55:15,nandi_2,Overheat,47.900000000000006,110.0
2025-12-31,17:56:15,nandi_2,Overheat,47.900000000000006,110.0
2025-12-31,17:57:15,nandi_2,Overheat,67.7,110.2
2025-12-31,17:58:15,nandi_2,Overheat,20.8,110.0
2025-12-31,17:59:15,nandi_2,Overheat,17.7,108.7
2025-12-31,18:01:20,nandi_2,Overheat,2.8000000000000003,105.9
2025-12-31,18:02:20,nandi_2,High Current & Overheat,98.4,106.60000000000001
2025-12-31,18:03:20,nandi_2,Overheat,42.1,109.5
2025-12-31,18:06:41,nandi_2,Overheat,2.9000000000000004,104.5
2025-12-31,18:07:41,nandi_2,Overheat,68.3,102.80000000000001
2025-12-31,18:08:42,nandi_2,High Current & Overheat,96.9,103.60000000000001
2025-12-31,18:09:42,nandi_2,Overheat,48.400000000000006,104.80000000000001
2025-12-31,18:10:42,nandi_2,High Current & Overheat,106.4,105.80000000000001
2025-12-31,18:11:43,nandi_2,Overheat,56.0,106.7
2025-12-31,18:12:43,nandi_2,High Current & Overheat,92.2,107.10000000000001
2025-12-31,18:13:44,nandi_2,Overheat,23.200000000000003,107.60000000000001
2025-12-31,18:15:16,nandi_2,High Current & Overheat,90.30000000000001,108.0
2025-12-31,18:16:16,nandi_2,High Current & Overheat,82.2,108.2
2025-12-31,18:17:16,nandi_2,Overheat,41.800000000000004,108.2
2025-12-31,18:18:16,nandi_2,Overheat,64.8,108.7
2025-12-31,18:19:16,nandi_2,Overheat,37.0,109.10000000000001
2025-12-31,18:20:16,nandi_2,Overheat,42.900000000000006,108.7
2025-12-31,18:21:16,nandi_2,Overheat,54.900000000000006,109.0
2025-12-31,18:22:16,nandi_2,Overheat,57.400000000000006,109.5
2025-12-31,18:23:16,nandi_2,High Current & Overheat,117.2,109.80000000000001
2025-12-31,18:24:17,nandi_2,Overheat,52.400000000000006,110.0
2025-12-31,18:25:17,nandi_2,High Current & Overheat,83.2,110.30000000000001
2025-12-31,18:26:17,nandi_2,Overheat,48.5,110.4
2025-12-31,18:27:17,nandi_2,Overheat,47.1,110.7
2025-12-31,18:28:17,nandi_2,Overheat,49.800000000000004,111.0
2025-12-31,18:29:17,nandi_2,Overheat,26.0,111.2
2025-12-31,18:30:24,nandi_2,High Current & Overheat,90.4,111.2
2025-12-31,18:31:24,nandi_2,Overheat,22.900000000000002,111.5
2025-12-31,18:32:25,nandi_2,Overheat,52.5,111.60000000000001
2025-12-31,18:33:25,nandi_2,High Current & Overheat,92.5,111.9
2025-12-31,18:34:25,nandi_2,Overheat,75.3,112.2
2025-12-31,18:35:26,nandi_2,Overheat,56.7,112.2
2025-12-31,18:36:26,nandi_2,Overheat,57.400000000000006,112.2
2025-12-31,18:37:26,nandi_2,Overheat,66.5,112.2
2025-12-31,18:38:26,nandi_2,Overheat,68.9,112.2
2025-12-31,18:39:26,nandi_2,Overheat,56.300000000000004,112.2
2025-12-31,18:40:26,nandi_2,Overheat,5.7,112.10000000000001
2025-12-31,19:08:01,nandi_3,High Current,1152.7,-2529.2000000000003
2026-01-02,14:09:06,nandi_3,High Current,1233.1000000000001,-2218.0
2026-01-02,14:10:06,nandi_3,High Current & Overheat,4808.400000000001,2247.2000000000003
2026-01-02,14:10:28,nandi_3,High Current,1730.1000000000001,-865.8000000000001
2026-01-02,14:11:28,nandi_3,High Current & Overheat,3067.2000000000003,1677.1000000000001
2026-01-02,14:12:28,nandi_3,High Current,5446.3,-866.3000000000001
2026-01-02,14:13:28,nandi_3,High Current,5663.5,-1405.5
2026-01-02,14:14:28,nandi_3,High Current & Overheat,2974.7000000000003,2714.7000000000003
2026-01-02,14:15:28,nandi_3,High Current & Overheat,1334.4,248.0
2026-01-02,14:16:28,nandi_3,High Current,5561.3,-1013.5
2026-01-02,14:17:28,nandi_3,High Current,1308.5,-725.4000000000001
2026-01-02,14:18:28,nandi_3,High Current & Overheat,1269.3000000000002,2565.8
2026-01-02,14:19:28,nandi_3,High Current,386.0,-1665.4
2026-01-02,14:20:28,nandi_3,High Current,2873.1000000000004,-419.1
2026-01-02,14:21:28,nandi_3,High Current & Overheat,2757.0,826.9000000000001
2026-01-02,14:22:29,nandi_3,High Current & Overheat,5807.1,2176.2000000000003
2026-01-02,14:23:29,nandi_3,High Current,5168.400000000001,-307.3
2026-01-02,14:24:29,nandi_3,High Current,1738.6000000000001,-2015.4
2026-01-02,14:25:29,nandi_3,High Current,168.5,-1854.2
2026-01-02,14:26:29,nandi_3,High Current & Overheat,2781.1000000000004,1950.7
